Brand,Model,Year,Engine_CC,KM_Driven,Mileage_KMPL,Condition,Price
Honda,Shine,2022,125,59440,40,Good,80864
Suzuki,Gixxer,2019,100,53907,35,Fair,39984
Bajaj,Avenger 220,2019,100,18200,35,Excellent,33516
KTM,RC 390,2018,500,31981,50,Good,171013
Royal Enfield,Bullet 500,2023,150,25488,40,Excellent,114962
Bajaj,Pulsar 220,2020,350,56334,35,Good,58338
Yamaha,R15,2016,100,20956,45,Excellent,26545
Bajaj,Platina 100,2023,125,52504,65,Fair,66434
Royal Enfield,Meteor 350,2018,250,15435,35,Good,76182
Suzuki,Gixxer,2016,500,53392,40,Fair,32113
Bajaj,Avenger 220,2019,200,72853,40,Excellent,84741
Royal Enfield,Meteor 350,2022,150,39766,35,Good,63237
Honda,Activa 125,2022,250,31431,65,Fair,77508
Honda,Shine,2023,150,40376,40,Fair,28964
KTM,Adventure 250,2020,125,67139,40,Excellent,48241
KTM,RC 390,2023,125,35949,45,Good,53820
Bajaj,Pulsar 220,2023,350,75148,40,Fair,51189
Suzuki,Access 125,2015,200,77588,65,Fair,18094
Royal Enfield,Meteor 350,2023,250,10972,40,Excellent,126485
Yamaha,Fascino,2018,150,36691,55,Good,104328
Suzuki,Gixxer,2023,150,59158,60,Good,115602
Honda,Activa 125,2019,500,69040,35,Good,84176
KTM,Adventure 250,2018,200,22159,60,Good,57443
KTM,Adventure 250,2022,100,64424,35,Excellent,32669
Yamaha,Fascino,2019,350,51129,35,Fair,68579
KTM,RC 390,2017,500,33939,65,Excellent,221677
Honda,Activa 125,2015,100,39730,65,Good,86562
Honda,Shine,2017,100,9295,60,Excellent,71221
Honda,Activa 125,2020,250,36044,50,Good,116115
Yamaha,R15,2021,125,21483,35,Fair,74611
Royal Enfield,Meteor 350,2016,150,24828,35,Excellent,29364
KTM,Duke 200,2022,125,14393,65,Fair,134925
Suzuki,Intruder,2020,150,55029,60,Fair,61200
Royal Enfield,Meteor 350,2022,250,24217,55,Good,126550
Honda,CBR 150,2015,150,70657,40,Excellent,36769
Honda,Shine,2021,350,24995,35,Good,82257
Suzuki,Gixxer,2016,200,11854,55,Good,38480
Yamaha,FZ-S,2022,350,32636,60,Fair,82194
Yamaha,FZ-S,2019,350,12351,45,Good,171363
Honda,Shine,2017,250,38435,50,Good,60383
Suzuki,Gixxer,2022,350,56503,40,Excellent,58971
Bajaj,Platina 100,2022,100,45492,45,Fair,64110
KTM,RC 390,2020,350,54375,50,Fair,101935
KTM,Adventure 250,2022,350,78972,50,Excellent,57776
KTM,RC 390,2021,200,77919,65,Excellent,98272
Bajaj,Platina 100,2021,100,14076,35,Fair,68808
KTM,RC 390,2017,350,12842,65,Fair,100771
Honda,Shine,2018,350,28871,40,Good,69075
Bajaj,Platina 100,2020,125,28330,55,Fair,28074
Royal Enfield,Meteor 350,2017,350,6825,55,Fair,145446
Honda,Shine,2021,100,63721,50,Good,84017
Honda,CBR 150,2016,250,6377,65,Good,122043
Suzuki,Access 125,2021,500,5552,65,Excellent,107355
KTM,RC 390,2017,100,36612,60,Fair,57222
Royal Enfield,Bullet 500,2023,150,8040,35,Excellent,65136
Suzuki,Intruder,2022,150,25739,55,Excellent,133005
Suzuki,Access 125,2023,125,67807,35,Good,54765
KTM,RC 390,2018,125,35098,60,Fair,18922
Suzuki,Intruder,2015,125,76613,35,Fair,13403
Yamaha,Fascino,2018,125,47700,40,Excellent,48608
Honda,CBR 150,2015,250,26952,50,Excellent,116954
KTM,RC 390,2017,150,48469,45,Excellent,38601
Honda,CBR 150,2016,500,41169,60,Fair,56360
Royal Enfield,Classic 350,2017,200,73075,45,Excellent,21900
Royal Enfield,Classic 350,2022,100,50904,40,Good,28017
Royal Enfield,Bullet 500,2019,150,34728,45,Excellent,104620
Honda,Activa 125,2021,250,41666,50,Good,86456
KTM,Adventure 250,2015,150,21477,45,Excellent,69401
Bajaj,Avenger 220,2023,150,29829,35,Good,54574
Royal Enfield,Meteor 350,2023,350,59570,65,Good,129848
Suzuki,Intruder,2023,250,21185,55,Fair,53799
Yamaha,Fascino,2019,250,66396,50,Fair,39739
Yamaha,R15,2022,100,65945,55,Excellent,38706
Royal Enfield,Meteor 350,2022,125,75117,45,Fair,17382
Honda,Shine,2015,250,73286,60,Fair,14386
Honda,CBR 150,2017,500,72284,50,Excellent,29000
Yamaha,R15,2020,250,26128,40,Fair,100074
Suzuki,Access 125,2015,150,31144,35,Excellent,28273
Royal Enfield,Classic 350,2015,150,8119,55,Excellent,91954
Suzuki,Gixxer,2019,200,12668,60,Excellent,161243
KTM,Adventure 250,2023,150,25970,60,Excellent,126139
KTM,RC 390,2023,500,56860,40,Excellent,62664
Royal Enfield,Bullet 500,2021,500,19882,60,Good,234730
Bajaj,Platina 100,2023,200,75815,35,Good,66856
Honda,Activa 125,2019,350,54463,55,Fair,51403
Suzuki,Intruder,2016,250,26999,40,Excellent,92574
Royal Enfield,Bullet 500,2020,250,79099,60,Good,62405
KTM,Duke 200,2016,350,49666,55,Good,42083
Honda,Activa 125,2023,200,57390,60,Fair,60181
Yamaha,Fascino,2018,200,79254,65,Excellent,84481
KTM,Duke 200,2015,250,10485,55,Fair,59924
Yamaha,FZ-S,2022,500,59876,35,Excellent,71405
Honda,Activa 125,2016,500,66846,35,Fair,69305
KTM,Adventure 250,2022,125,23584,35,Good,81698
Yamaha,Fascino,2022,100,67068,50,Good,18300
KTM,RC 390,2016,100,57550,40,Good,39404
Suzuki,Access 125,2018,150,15922,55,Fair,91763
Suzuki,Access 125,2018,125,40969,45,Excellent,21994
Suzuki,Access 125,2020,150,54817,45,Fair,66397
Suzuki,Gixxer,2021,100,70284,40,Excellent,79020
Suzuki,Gixxer,2016,250,18708,45,Good,85933
Yamaha,R15,2016,150,16693,35,Good,59576
Honda,Activa 125,2018,250,19325,35,Fair,49997
Royal Enfield,Classic 350,2020,250,41944,45,Excellent,49842
Suzuki,Access 125,2021,200,76230,45,Fair,21727
Royal Enfield,Meteor 350,2015,125,77760,65,Fair,26623
Honda,Activa 125,2019,350,52110,35,Fair,43840
Royal Enfield,Bullet 500,2023,125,59151,40,Fair,27838
Yamaha,R15,2017,150,63649,50,Good,40402
Suzuki,Gixxer,2020,500,55155,50,Good,49109
Suzuki,Gixxer,2020,125,49967,60,Excellent,130138
Bajaj,Platina 100,2017,250,18755,50,Fair,42325
Yamaha,FZ-S,2023,100,74204,40,Excellent,18399
Suzuki,Gixxer,2021,250,56602,45,Good,57512
Royal Enfield,Meteor 350,2021,100,13370,40,Excellent,126922
Yamaha,Fascino,2016,250,67581,45,Fair,18065
Yamaha,FZ-S,2021,125,40831,35,Fair,67347
Bajaj,Platina 100,2021,125,67425,45,Good,53091
KTM,Duke 200,2017,350,18030,50,Good,142284
Yamaha,R15,2019,100,17577,35,Good,27453
Honda,Shine,2018,150,43598,60,Excellent,120590
Suzuki,Intruder,2023,125,22769,35,Excellent,98757
Yamaha,Fascino,2021,250,5673,35,Good,68211
Bajaj,Platina 100,2017,100,62851,40,Good,51685
Yamaha,R15,2017,100,75457,40,Fair,20995
Suzuki,Access 125,2020,200,7277,40,Good,38225
Royal Enfield,Classic 350,2020,500,57878,40,Good,62534
Honda,Shine,2020,125,5356,45,Good,58766
Suzuki,Access 125,2016,350,6139,45,Fair,79535
Suzuki,Gixxer,2015,200,34682,65,Excellent,115081
Royal Enfield,Meteor 350,2017,350,39512,55,Excellent,135901
Suzuki,Access 125,2015,100,60244,35,Excellent,25889
Honda,CBR 150,2019,150,55608,55,Fair,67096
Suzuki,Access 125,2015,150,49508,60,Excellent,66508
Bajaj,Pulsar 220,2017,125,11640,50,Good,71712
KTM,RC 390,2017,100,13843,45,Excellent,119087
Honda,Activa 125,2015,200,21518,60,Good,75940
Honda,Shine,2015,250,5328,60,Excellent,169968
Bajaj,Avenger 220,2018,500,45151,45,Fair,58302
Suzuki,Access 125,2022,500,31084,35,Excellent,213148
Royal Enfield,Bullet 500,2023,250,64389,35,Fair,59567
KTM,Adventure 250,2020,200,28297,45,Fair,33640
Bajaj,Platina 100,2021,125,11863,60,Fair,52561
KTM,Adventure 250,2020,200,25801,50,Good,81360
KTM,Duke 200,2016,350,52284,60,Fair,26021
Honda,Shine,2017,100,34003,35,Good,43022
Honda,Shine,2020,200,11137,50,Excellent,79148
Royal Enfield,Bullet 500,2021,350,68947,35,Good,32770
Royal Enfield,Meteor 350,2021,350,8749,60,Fair,101904
Suzuki,Intruder,2019,150,67418,40,Excellent,26663
KTM,Duke 200,2017,125,26098,50,Good,36127
KTM,RC 390,2017,350,35058,35,Good,102546
Royal Enfield,Classic 350,2018,125,79569,50,Excellent,23306
Suzuki,Intruder,2018,125,45429,60,Good,38501
Yamaha,FZ-S,2021,150,61472,45,Fair,45819
Yamaha,Fascino,2018,500,36071,50,Good,98794
Royal Enfield,Bullet 500,2022,100,26833,60,Good,99460
KTM,RC 390,2023,125,18007,45,Good,128596
Honda,CBR 150,2018,350,45404,35,Excellent,107869
Royal Enfield,Meteor 350,2015,125,32285,50,Excellent,49070
Suzuki,Access 125,2019,100,27222,50,Excellent,48979
KTM,Duke 200,2017,500,41719,50,Fair,35782
Suzuki,Gixxer,2021,125,13396,35,Good,77268
Royal Enfield,Classic 350,2015,125,66067,35,Excellent,54877
Yamaha,FZ-S,2019,200,17128,45,Excellent,122684
Royal Enfield,Meteor 350,2022,100,5962,60,Good,95591
Royal Enfield,Meteor 350,2015,150,51868,45,Fair,44063
Honda,Activa 125,2023,200,5672,50,Good,133845
Honda,CBR 150,2018,250,40352,65,Excellent,130646
Yamaha,R15,2023,200,55522,55,Excellent,133585
KTM,Duke 200,2023,125,28598,45,Good,62273
Royal Enfield,Bullet 500,2019,500,8692,45,Fair,96301
Royal Enfield,Meteor 350,2015,200,48977,55,Good,43624
Honda,Activa 125,2021,150,66533,65,Good,81822
KTM,Adventure 250,2021,150,49580,65,Good,104579
Yamaha,FZ-S,2015,250,44054,40,Excellent,55585
Yamaha,Fascino,2023,250,74980,65,Good,104396
Yamaha,R15,2023,500,21329,65,Fair,87473
Honda,Shine,2017,150,29769,50,Good,58456
Honda,Shine,2022,350,12810,55,Excellent,88587
KTM,Adventure 250,2018,200,19703,50,Good,52929
Suzuki,Intruder,2022,100,40373,55,Fair,42189
Yamaha,FZ-S,2017,500,70142,65,Excellent,126750
Suzuki,Access 125,2021,350,7855,45,Good,150721
Bajaj,Platina 100,2016,100,12845,45,Excellent,31310
Honda,Activa 125,2022,500,77896,50,Excellent,141676
Bajaj,Platina 100,2019,100,48293,45,Fair,18356
Yamaha,Fascino,2021,500,9965,50,Good,137292
Bajaj,Avenger 220,2019,150,17324,40,Excellent,75609
Royal Enfield,Classic 350,2015,200,34470,65,Good,25068
Honda,Activa 125,2016,100,47747,35,Excellent,66624
Yamaha,R15,2023,125,73670,35,Fair,12418
Honda,Activa 125,2015,200,6281,65,Excellent,159150
Royal Enfield,Bullet 500,2022,125,69698,45,Good,46570
Honda,Shine,2022,125,31806,45,Good,84054
Bajaj,Platina 100,2023,200,30484,50,Fair,39994
Suzuki,Access 125,2016,150,7651,45,Excellent,58196
Honda,Shine,2015,150,27696,35,Fair,27317
Honda,CBR 150,2015,150,41685,60,Good,44684
Royal Enfield,Classic 350,2020,100,13947,40,Fair,39505
Yamaha,Fascino,2015,350,52072,50,Fair,79447
Bajaj,Avenger 220,2020,100,53041,65,Excellent,124366
Yamaha,FZ-S,2021,500,8630,55,Fair,170054
Royal Enfield,Classic 350,2015,200,19601,40,Fair,74096
Royal Enfield,Bullet 500,2017,100,35122,60,Excellent,117057
KTM,Duke 200,2016,350,29423,60,Excellent,173073
Royal Enfield,Classic 350,2016,125,25214,50,Good,76970
Bajaj,Platina 100,2020,150,40435,55,Good,27518
Suzuki,Access 125,2017,250,27451,55,Good,49575
KTM,Duke 200,2022,200,27108,45,Excellent,139721
Bajaj,Pulsar 220,2022,125,37191,55,Fair,79269
KTM,Duke 200,2019,350,25348,50,Good,156291
Honda,Activa 125,2016,150,13368,55,Fair,44662
Bajaj,Avenger 220,2021,100,35610,40,Fair,74481
Yamaha,Fascino,2022,200,67580,60,Excellent,59774
Suzuki,Gixxer,2023,500,11778,40,Fair,152302
Bajaj,Platina 100,2018,100,58243,55,Excellent,25767
Bajaj,Platina 100,2018,150,10996,65,Excellent,100559
Royal Enfield,Bullet 500,2019,125,22785,35,Fair,71587
Bajaj,Avenger 220,2019,350,9744,45,Fair,117580
Yamaha,Fascino,2018,150,75516,35,Fair,31397
Suzuki,Access 125,2017,125,53458,55,Fair,68939
Honda,CBR 150,2019,200,45705,45,Good,100588
Yamaha,R15,2023,100,17123,55,Excellent,125510
Bajaj,Pulsar 220,2022,125,45698,45,Fair,34082
Bajaj,Avenger 220,2018,125,55016,45,Excellent,68026
Honda,CBR 150,2018,100,57423,55,Fair,41310
Bajaj,Avenger 220,2015,250,32009,45,Fair,69094
KTM,Adventure 250,2021,150,5140,50,Fair,78592
Honda,Activa 125,2021,500,57922,40,Fair,81226
Bajaj,Avenger 220,2023,100,49539,65,Fair,78930
Honda,Shine,2015,150,44772,50,Good,47700
Suzuki,Gixxer,2016,350,78149,35,Good,28232
Bajaj,Pulsar 220,2023,350,11659,50,Fair,60491
Yamaha,Fascino,2019,125,23041,60,Excellent,93851
Bajaj,Platina 100,2018,500,18678,55,Excellent,154625
Suzuki,Intruder,2018,125,20828,45,Excellent,125521
Royal Enfield,Bullet 500,2021,150,19633,65,Excellent,114349
KTM,Adventure 250,2017,200,7757,40,Good,72263
Yamaha,Fascino,2023,500,33907,35,Fair,120645
Honda,Activa 125,2018,250,17578,35,Excellent,79903
Bajaj,Avenger 220,2018,100,63460,40,Excellent,64420
Royal Enfield,Classic 350,2018,500,67765,35,Excellent,80893
Royal Enfield,Classic 350,2020,100,20292,40,Fair,20947
Bajaj,Platina 100,2021,125,60913,35,Fair,48733
Suzuki,Gixxer,2023,125,74495,60,Good,78010
Suzuki,Gixxer,2018,125,50923,45,Good,59557
Suzuki,Intruder,2021,350,79289,40,Excellent,102476
Honda,Shine,2019,350,9615,45,Excellent,64137
Bajaj,Platina 100,2023,350,13658,40,Excellent,53480
Suzuki,Access 125,2017,200,25364,35,Excellent,99878
KTM,Duke 200,2023,100,67487,45,Good,51716
Honda,Shine,2020,350,9744,35,Good,151900
Suzuki,Access 125,2019,125,15248,65,Excellent,161890
KTM,RC 390,2015,125,78140,60,Good,16178
Suzuki,Gixxer,2022,350,66658,55,Good,87486
Bajaj,Pulsar 220,2018,200,31410,45,Excellent,70008
KTM,Adventure 250,2017,350,66491,65,Fair,64828
Honda,Shine,2018,200,56715,55,Excellent,68508
Suzuki,Intruder,2021,200,16070,40,Fair,63033
Royal Enfield,Meteor 350,2020,125,30486,60,Fair,31018
Honda,Shine,2016,200,7878,35,Good,85003
Bajaj,Pulsar 220,2020,500,13940,55,Fair,84008
Suzuki,Access 125,2017,350,47131,55,Good,82473
KTM,Adventure 250,2018,125,51416,50,Good,17863
KTM,RC 390,2018,100,41980,45,Excellent,50872
Suzuki,Intruder,2015,150,62494,55,Fair,36956
Honda,Shine,2022,350,22189,60,Good,107393
Suzuki,Gixxer,2020,200,64229,55,Excellent,122966
Honda,Shine,2023,500,62503,50,Excellent,88643
KTM,Duke 200,2015,125,52965,55,Good,38447
Yamaha,FZ-S,2021,250,66205,55,Fair,27085
Yamaha,FZ-S,2022,150,38947,55,Excellent,135565
Bajaj,Pulsar 220,2018,500,52030,50,Good,38817
Royal Enfield,Classic 350,2021,200,32433,50,Fair,58076
Bajaj,Avenger 220,2021,200,50948,65,Excellent,56755
Royal Enfield,Bullet 500,2021,350,21214,35,Fair,77188
Honda,Activa 125,2021,500,50535,45,Fair,107502
Yamaha,R15,2018,150,49226,60,Good,97021
Honda,CBR 150,2016,250,50187,50,Good,58315
Yamaha,Fascino,2019,150,41456,60,Excellent,85066
Royal Enfield,Bullet 500,2020,100,8534,65,Excellent,79288
Honda,Activa 125,2020,350,19890,55,Fair,66433
Suzuki,Gixxer,2020,125,5431,45,Fair,45022
Suzuki,Intruder,2016,200,31027,60,Good,105905
Suzuki,Access 125,2020,500,60564,45,Fair,23608
Bajaj,Avenger 220,2017,200,43769,40,Fair,27835
KTM,Adventure 250,2021,125,51786,50,Good,47659
Suzuki,Access 125,2023,250,65250,60,Excellent,118263
Suzuki,Access 125,2018,500,37426,50,Excellent,88767
KTM,Duke 200,2023,125,32092,45,Excellent,44159
Bajaj,Avenger 220,2019,100,62355,40,Fair,20191
Bajaj,Platina 100,2022,125,73372,50,Fair,43010
Royal Enfield,Meteor 350,2021,200,24638,35,Fair,44927
KTM,RC 390,2015,150,14647,55,Good,105059
Yamaha,FZ-S,2017,125,79779,35,Good,11792
Royal Enfield,Bullet 500,2020,500,61467,55,Fair,28990
Bajaj,Avenger 220,2022,250,32005,50,Good,55284
Suzuki,Access 125,2018,250,47408,60,Good,113670
Suzuki,Access 125,2019,150,23629,55,Excellent,108930
Suzuki,Gixxer,2015,125,43233,40,Good,62819
Honda,Activa 125,2021,150,74321,60,Fair,61517
Yamaha,Fascino,2015,125,42167,50,Fair,16475
KTM,Adventure 250,2017,100,58512,60,Good,81808
Honda,Shine,2021,150,36816,45,Good,59120
Bajaj,Platina 100,2020,200,55495,65,Fair,43011
Honda,Shine,2020,100,77318,50,Excellent,25254
Royal Enfield,Classic 350,2016,200,72492,50,Excellent,75821
Yamaha,R15,2020,350,22409,55,Fair,37073
Suzuki,Intruder,2017,150,21951,65,Good,65498
Suzuki,Access 125,2021,125,42252,40,Fair,54628
Royal Enfield,Meteor 350,2015,500,41247,45,Fair,87010
KTM,Adventure 250,2022,500,37449,40,Excellent,165927
Honda,Activa 125,2016,150,11318,50,Excellent,49149
Bajaj,Avenger 220,2018,250,53882,65,Good,65825
Yamaha,R15,2018,150,18104,40,Excellent,49077
Suzuki,Intruder,2022,200,40990,45,Good,82855
Suzuki,Intruder,2017,150,61771,45,Good,56203
KTM,RC 390,2019,100,38970,60,Good,34781
KTM,RC 390,2016,100,20952,35,Good,36022
Yamaha,R15,2018,200,21820,55,Good,103853
Honda,CBR 150,2016,250,55743,45,Fair,46444
KTM,Duke 200,2022,200,31952,60,Fair,75229
Yamaha,Fascino,2020,200,49504,45,Fair,24872
Bajaj,Platina 100,2018,100,35418,65,Fair,21835
Bajaj,Platina 100,2017,250,53955,50,Excellent,59866
Suzuki,Intruder,2016,250,7828,65,Good,54972
Yamaha,R15,2016,100,22693,40,Fair,46568
Royal Enfield,Classic 350,2018,500,79161,40,Good,47503
Royal Enfield,Classic 350,2017,500,11268,40,Fair,111720
Suzuki,Intruder,2020,350,79303,65,Fair,41259
Suzuki,Access 125,2019,100,54502,50,Good,61735
Suzuki,Intruder,2023,150,36609,55,Good,55300
Bajaj,Platina 100,2022,150,47455,65,Excellent,74468
Suzuki,Intruder,2018,200,53200,55,Excellent,67341
Bajaj,Avenger 220,2017,100,47321,65,Excellent,60656
Yamaha,Fascino,2016,125,71015,40,Fair,10127
Bajaj,Platina 100,2019,200,78491,55,Good,53335
Yamaha,Fascino,2015,500,65828,35,Excellent,76865
Bajaj,Platina 100,2016,350,76885,50,Good,28566
Bajaj,Pulsar 220,2016,500,76754,60,Fair,25907
Yamaha,Fascino,2016,500,42389,60,Good,95689
Bajaj,Platina 100,2016,150,58734,55,Excellent,65324
Royal Enfield,Meteor 350,2021,350,78937,55,Fair,46333
Suzuki,Access 125,2023,150,34724,55,Good,113119
Honda,Activa 125,2017,350,18733,60,Excellent,163398
Royal Enfield,Classic 350,2023,200,25488,65,Excellent,192313
Yamaha,R15,2018,350,25484,65,Good,65580
Bajaj,Platina 100,2015,250,67103,35,Good,33428
KTM,Duke 200,2023,250,13692,55,Good,196238
KTM,Adventure 250,2017,350,22276,45,Fair,98641
Royal Enfield,Bullet 500,2018,350,43939,50,Good,84515
Yamaha,FZ-S,2018,150,22385,65,Fair,75744
Bajaj,Avenger 220,2016,100,71228,60,Fair,41223
Suzuki,Gixxer,2016,100,18489,60,Excellent,80561
Honda,CBR 150,2022,125,37529,55,Fair,66523
Royal Enfield,Meteor 350,2021,250,76489,60,Good,74520
Bajaj,Avenger 220,2018,200,60255,45,Fair,27977
KTM,Adventure 250,2021,150,28128,45,Good,37351
Yamaha,Fascino,2022,500,62300,50,Fair,59233
Suzuki,Gixxer,2019,150,77820,45,Good,28476
Bajaj,Platina 100,2018,100,67262,65,Fair,27565
KTM,RC 390,2015,125,54161,55,Fair,60290
Suzuki,Gixxer,2020,350,78716,50,Excellent,31422
Yamaha,Fascino,2017,100,14690,65,Fair,29566
Honda,Shine,2019,150,16417,50,Fair,71942
Bajaj,Pulsar 220,2017,250,39850,50,Good,50076
KTM,Duke 200,2023,100,11590,35,Fair,82311
Honda,Shine,2015,100,40320,35,Fair,13324
Honda,Shine,2020,350,68776,50,Excellent,117152
Honda,Shine,2020,350,59731,45,Fair,31802
KTM,Duke 200,2017,350,29491,40,Excellent,128069
Honda,Activa 125,2017,125,45231,55,Fair,72867
Honda,CBR 150,2023,150,40255,55,Excellent,95342
Honda,Activa 125,2021,350,44540,50,Excellent,80546
Bajaj,Avenger 220,2019,250,78751,65,Fair,80683
Royal Enfield,Classic 350,2020,500,42169,45,Good,123890
Suzuki,Intruder,2019,150,38982,65,Good,118123
Yamaha,FZ-S,2017,250,44776,35,Excellent,55167
Bajaj,Pulsar 220,2019,250,31093,45,Excellent,97490
Yamaha,Fascino,2023,200,66595,40,Fair,67632
Yamaha,Fascino,2016,350,41500,55,Excellent,150012
Suzuki,Intruder,2016,350,40524,35,Fair,32794
Bajaj,Platina 100,2022,250,14596,35,Fair,67049
Honda,CBR 150,2017,125,46505,55,Fair,43988
Honda,CBR 150,2016,125,38707,60,Excellent,50632
Honda,Activa 125,2015,350,74257,55,Excellent,52731
Yamaha,R15,2019,150,6736,45,Good,34675
KTM,Duke 200,2018,125,37109,65,Good,118732
Bajaj,Platina 100,2022,250,50774,35,Fair,50283
Royal Enfield,Bullet 500,2018,200,21938,45,Good,111420
Royal Enfield,Classic 350,2023,100,44973,40,Excellent,40629
Honda,Shine,2023,200,64042,60,Excellent,63801
Royal Enfield,Classic 350,2020,200,33654,55,Good,106296
Honda,Activa 125,2016,350,14216,55,Fair,58930
Honda,CBR 150,2017,250,56593,50,Good,58378
Royal Enfield,Bullet 500,2020,125,73170,40,Good,28239
Suzuki,Gixxer,2017,150,14429,45,Excellent,94035
Yamaha,Fascino,2017,250,60453,60,Good,71873
Honda,CBR 150,2017,100,9282,65,Fair,36976
Suzuki,Intruder,2023,150,45121,45,Excellent,53775
KTM,Adventure 250,2021,500,44586,65,Fair,41517
Suzuki,Intruder,2015,100,33713,35,Good,60451
KTM,RC 390,2018,200,30560,35,Fair,76210
KTM,Duke 200,2022,250,21218,40,Excellent,86826
Suzuki,Access 125,2017,125,5657,45,Excellent,101499
Royal Enfield,Bullet 500,2019,100,26922,55,Good,104209
KTM,Adventure 250,2023,350,16448,50,Fair,121561
Suzuki,Intruder,2021,200,67109,60,Excellent,32853
Royal Enfield,Meteor 350,2022,100,47232,65,Excellent,91193
Bajaj,Avenger 220,2015,350,24825,40,Good,116296
Bajaj,Avenger 220,2023,350,71195,60,Excellent,138549
Suzuki,Gixxer,2022,200,60511,65,Fair,27408
Suzuki,Intruder,2016,250,42188,65,Good,105801
Suzuki,Gixxer,2022,125,69557,35,Good,15612
Honda,Activa 125,2018,100,33746,35,Fair,13647
Royal Enfield,Meteor 350,2020,350,36345,65,Fair,81035
Yamaha,Fascino,2016,200,71209,55,Excellent,21539
KTM,RC 390,2021,250,26057,55,Fair,126505
Yamaha,Fascino,2023,250,14650,55,Good,116017
KTM,RC 390,2020,500,51559,55,Excellent,186425
Honda,CBR 150,2015,100,29522,50,Fair,37628
Honda,CBR 150,2020,250,75559,65,Good,33570
Royal Enfield,Classic 350,2015,250,31308,40,Excellent,52550
Yamaha,R15,2018,150,38229,55,Excellent,35600
Bajaj,Avenger 220,2022,100,65185,50,Good,26814
KTM,Duke 200,2020,350,36439,40,Good,109792
Suzuki,Intruder,2021,100,61664,65,Fair,33460
Royal Enfield,Meteor 350,2019,100,25721,60,Good,42636
Honda,CBR 150,2022,150,22962,50,Excellent,66489
KTM,Adventure 250,2015,250,18091,45,Good,66086
Bajaj,Platina 100,2019,250,8013,35,Fair,45730
KTM,Adventure 250,2015,350,79651,55,Fair,54000
Royal Enfield,Bullet 500,2022,150,5945,60,Fair,65941
Yamaha,FZ-S,2016,350,22065,45,Good,72130
Yamaha,FZ-S,2023,150,58434,45,Good,71608
Honda,Shine,2016,150,29074,65,Good,60361
Bajaj,Avenger 220,2019,150,60220,50,Excellent,60653
Royal Enfield,Meteor 350,2015,100,39545,65,Good,32857
Suzuki,Gixxer,2022,125,23950,60,Good,115912
Suzuki,Gixxer,2017,150,46185,65,Good,52379
Yamaha,FZ-S,2019,250,34816,55,Excellent,86383
Suzuki,Intruder,2017,150,79466,40,Fair,38389
Bajaj,Platina 100,2021,500,28525,55,Excellent,195130
Royal Enfield,Bullet 500,2018,100,57318,50,Excellent,70209
KTM,Adventure 250,2017,150,42982,50,Fair,38802
Honda,Activa 125,2023,150,5105,45,Fair,67923
Bajaj,Platina 100,2015,125,44111,35,Good,57875
Honda,Shine,2022,500,29369,40,Fair,48699
Bajaj,Avenger 220,2016,500,58445,55,Excellent,63715
Honda,Shine,2019,200,5505,55,Good,69100
Yamaha,Fascino,2019,500,75976,50,Fair,26706
Bajaj,Pulsar 220,2016,500,6701,65,Good,201593
Bajaj,Avenger 220,2022,350,5410,45,Good,74949
Royal Enfield,Meteor 350,2017,250,36660,60,Good,80766
Yamaha,R15,2016,350,33963,35,Fair,70712
Honda,Shine,2022,250,15279,35,Fair,43116
Suzuki,Access 125,2022,150,56307,40,Fair,38153
Royal Enfield,Bullet 500,2015,100,68268,40,Good,49859
Yamaha,Fascino,2019,200,57228,50,Good,87013
Suzuki,Gixxer,2018,250,62045,55,Excellent,51520
KTM,RC 390,2022,250,79939,60,Excellent,87115
Honda,CBR 150,2021,250,73198,50,Good,72030
KTM,RC 390,2021,350,35295,45,Good,132110
Bajaj,Pulsar 220,2022,200,73615,40,Fair,62151
Yamaha,Fascino,2016,200,31490,45,Excellent,46084
KTM,Adventure 250,2016,150,72869,50,Excellent,26190
Bajaj,Pulsar 220,2021,350,73021,45,Good,22198
Yamaha,R15,2021,500,37122,60,Fair,131405
Suzuki,Gixxer,2016,350,8328,40,Fair,65580
Honda,Activa 125,2019,250,18542,40,Excellent,86642
Royal Enfield,Classic 350,2021,150,54438,35,Fair,58145
Bajaj,Pulsar 220,2017,150,50291,40,Excellent,62771
Suzuki,Access 125,2016,500,36547,65,Fair,97988
Royal Enfield,Classic 350,2017,500,77122,40,Good,83395
Bajaj,Platina 100,2020,500,20906,65,Fair,135585
Yamaha,R15,2015,500,22560,40,Good,125387
KTM,Adventure 250,2021,125,77043,50,Excellent,40759
Bajaj,Pulsar 220,2022,500,75248,45,Excellent,101294
Royal Enfield,Bullet 500,2016,250,35502,60,Excellent,87348
Suzuki,Intruder,2019,250,66084,55,Good,54675
Honda,Shine,2017,350,74318,35,Fair,39740
Yamaha,R15,2022,350,45417,50,Fair,69013
Honda,Shine,2018,200,69433,60,Good,20372
Bajaj,Avenger 220,2017,350,34362,60,Good,116473
Yamaha,FZ-S,2016,350,35693,65,Good,135194
Royal Enfield,Bullet 500,2021,350,41023,50,Fair,54974
Honda,Shine,2016,200,11056,50,Fair,41590
Honda,CBR 150,2023,100,48165,45,Fair,44990
KTM,Duke 200,2016,125,78074,35,Excellent,38963
Honda,Shine,2019,200,71845,40,Fair,38980
Suzuki,Intruder,2021,150,17781,60,Excellent,101053
Yamaha,Fascino,2016,125,22715,60,Good,88398
Suzuki,Access 125,2019,200,63034,55,Excellent,59535
Honda,Shine,2022,100,17577,60,Excellent,171894
Royal Enfield,Meteor 350,2020,200,53925,35,Good,78322
Suzuki,Gixxer,2020,250,78512,65,Excellent,118320
Honda,Activa 125,2020,350,52546,35,Good,26546
KTM,Adventure 250,2018,250,60903,65,Fair,92848
Bajaj,Pulsar 220,2023,125,71627,65,Excellent,79382
Honda,CBR 150,2018,500,38894,40,Fair,102686
Honda,Shine,2021,150,38967,65,Fair,40542
Honda,CBR 150,2022,250,17582,55,Good,126093
Honda,CBR 150,2015,350,35623,55,Good,119818
Suzuki,Gixxer,2015,150,25942,50,Good,45630
Suzuki,Gixxer,2019,200,57480,60,Excellent,88894
Bajaj,Pulsar 220,2021,125,41183,40,Excellent,99281
Bajaj,Pulsar 220,2021,350,15614,60,Fair,92637
Honda,Shine,2023,150,21865,45,Excellent,125246
Suzuki,Access 125,2018,125,13790,35,Fair,65565
Royal Enfield,Meteor 350,2023,250,62922,45,Good,93103
KTM,RC 390,2016,350,49141,55,Fair,40327
KTM,Duke 200,2016,100,25398,60,Good,65707
Bajaj,Avenger 220,2022,350,29242,40,Excellent,134825
Honda,Activa 125,2016,250,31565,60,Good,75969
Yamaha,FZ-S,2019,250,27311,45,Fair,41257
KTM,Duke 200,2022,150,24124,45,Fair,44947
Suzuki,Intruder,2021,200,7203,55,Fair,49780
Yamaha,Fascino,2019,125,70903,40,Excellent,63216
Suzuki,Access 125,2017,200,52137,55,Excellent,66380
Royal Enfield,Bullet 500,2019,100,5547,45,Excellent,124612
Yamaha,FZ-S,2015,150,39368,40,Excellent,78909
Bajaj,Pulsar 220,2021,500,74156,40,Good,55611
KTM,Duke 200,2019,100,18290,35,Good,83790
Yamaha,Fascino,2021,200,35068,45,Fair,94188
Yamaha,R15,2020,100,6129,60,Good,79204
KTM,Adventure 250,2018,200,13256,45,Fair,48921
KTM,Adventure 250,2022,250,52407,60,Good,38345
Royal Enfield,Meteor 350,2018,150,54539,60,Fair,23170
Suzuki,Gixxer,2017,350,68325,60,Excellent,125156
Yamaha,Fascino,2022,250,69742,35,Excellent,97984
KTM,Duke 200,2019,200,48752,40,Excellent,87377
Suzuki,Access 125,2015,200,76029,50,Good,43827
Suzuki,Access 125,2020,125,9358,45,Good,108429
Honda,CBR 150,2018,350,79173,45,Good,84083
Yamaha,R15,2021,200,73365,35,Fair,26293
Yamaha,Fascino,2020,350,76222,50,Good,31557
KTM,RC 390,2017,200,56314,60,Fair,52157
Bajaj,Platina 100,2022,150,60136,60,Excellent,31889
KTM,Duke 200,2018,150,18402,65,Good,101146
KTM,RC 390,2017,250,24393,50,Fair,23460
Yamaha,Fascino,2019,250,21494,55,Excellent,39954
KTM,Adventure 250,2021,150,59611,45,Excellent,102084
Suzuki,Gixxer,2017,150,47035,35,Fair,12104
Honda,Shine,2015,350,58509,35,Excellent,42982
Bajaj,Pulsar 220,2023,125,61072,60,Excellent,100993
Honda,CBR 150,2020,100,21572,45,Good,66057
Suzuki,Gixxer,2015,100,29358,40,Fair,57239
Yamaha,FZ-S,2015,150,59024,40,Fair,27003
Bajaj,Avenger 220,2021,100,25249,40,Fair,50029
Royal Enfield,Bullet 500,2023,250,67565,65,Fair,76012
Bajaj,Platina 100,2020,125,8696,35,Good,32262
Suzuki,Gixxer,2015,125,45476,55,Fair,51266
Yamaha,FZ-S,2017,125,30651,55,Excellent,110802
Yamaha,Fascino,2016,250,49590,40,Excellent,102614
KTM,Duke 200,2017,125,32716,50,Excellent,100602
Honda,Activa 125,2017,125,22624,40,Excellent,98323
KTM,Adventure 250,2020,150,71941,35,Fair,37922
Bajaj,Platina 100,2016,350,77929,45,Fair,45360
Honda,CBR 150,2021,125,70925,35,Excellent,58838
Royal Enfield,Meteor 350,2022,150,31080,55,Fair,25055
Royal Enfield,Meteor 350,2016,125,60429,45,Good,40519
Yamaha,Fascino,2018,350,64246,40,Excellent,34123
KTM,Duke 200,2017,500,27346,40,Excellent,59943
Suzuki,Gixxer,2018,200,5743,55,Fair,119615
Royal Enfield,Meteor 350,2019,125,61531,40,Excellent,80542
Bajaj,Platina 100,2019,350,6084,60,Good,59275
KTM,Duke 200,2018,350,49007,50,Fair,53177
Honda,Activa 125,2019,200,14621,50,Good,45463
Royal Enfield,Bullet 500,2023,250,34973,40,Fair,101856
Yamaha,FZ-S,2020,350,14666,40,Good,86281
KTM,Duke 200,2015,350,28396,60,Fair,64734
KTM,RC 390,2017,100,72202,65,Excellent,68244
Honda,CBR 150,2023,150,54126,45,Excellent,58545
Suzuki,Gixxer,2015,100,34013,40,Fair,27069
Yamaha,FZ-S,2023,200,25769,45,Good,47343
Yamaha,Fascino,2018,200,30017,45,Excellent,126895
Bajaj,Pulsar 220,2021,350,15696,60,Fair,158856
Yamaha,FZ-S,2016,100,15638,50,Good,57066
Suzuki,Gixxer,2021,100,36466,65,Excellent,133614
Yamaha,Fascino,2015,100,59931,55,Fair,14975
KTM,Adventure 250,2022,125,46639,55,Excellent,70534
Suzuki,Access 125,2019,150,46701,55,Fair,47867
Bajaj,Avenger 220,2019,500,63418,60,Excellent,62077
Yamaha,R15,2015,150,69733,55,Fair,18437
Yamaha,Fascino,2019,100,9289,55,Good,87857
Honda,CBR 150,2017,350,50051,40,Fair,25738
Royal Enfield,Meteor 350,2016,150,14027,60,Excellent,56130
KTM,Duke 200,2020,150,5733,60,Fair,67568
Suzuki,Intruder,2017,250,58916,60,Excellent,46764
Royal Enfield,Bullet 500,2023,350,22384,40,Good,58198
KTM,Adventure 250,2017,250,5424,40,Good,45178
Yamaha,FZ-S,2016,350,30308,65,Excellent,52145
Yamaha,FZ-S,2017,150,36987,40,Good,55484
Royal Enfield,Classic 350,2022,100,8137,35,Good,101316
KTM,RC 390,2022,150,71366,65,Excellent,30643
Honda,CBR 150,2022,125,22868,50,Good,120354
Yamaha,R15,2022,100,19543,65,Excellent,42525
Suzuki,Gixxer,2022,350,58450,40,Excellent,110780
Bajaj,Avenger 220,2015,100,25674,45,Excellent,82821
Honda,Shine,2020,500,5523,45,Fair,180594
Yamaha,Fascino,2017,200,79072,40,Good,18336
Bajaj,Avenger 220,2021,200,27522,40,Fair,62459
KTM,RC 390,2017,150,32588,50,Good,50851
KTM,Adventure 250,2020,125,71903,55,Fair,62597
Yamaha,Fascino,2015,100,73868,40,Good,46838
Royal Enfield,Classic 350,2017,350,8799,45,Fair,30822
Suzuki,Intruder,2016,500,60582,35,Excellent,103310
Bajaj,Platina 100,2022,125,21676,55,Excellent,126708
Yamaha,R15,2018,125,35871,65,Good,112626
KTM,RC 390,2018,100,43461,60,Fair,63462
Honda,CBR 150,2020,500,78539,35,Excellent,106934
KTM,Duke 200,2017,100,75244,35,Excellent,25556
KTM,Duke 200,2022,350,56459,35,Good,104657
Yamaha,FZ-S,2022,100,48868,50,Excellent,65707
Yamaha,FZ-S,2023,200,8330,45,Excellent,152007
Suzuki,Intruder,2020,150,79763,35,Good,28567
Royal Enfield,Bullet 500,2022,125,37750,45,Excellent,60087
Suzuki,Intruder,2019,100,21695,35,Excellent,41952
Yamaha,R15,2017,200,19016,50,Fair,56820
Suzuki,Intruder,2020,100,69245,60,Excellent,43908
Honda,Activa 125,2023,150,26459,40,Good,65505
Suzuki,Intruder,2021,125,43166,65,Excellent,66782
KTM,RC 390,2023,500,7932,65,Good,271551
Yamaha,R15,2017,125,38699,35,Excellent,25263
Yamaha,FZ-S,2015,500,17730,45,Good,92356
Royal Enfield,Bullet 500,2023,200,26009,45,Excellent,51848
Honda,Activa 125,2019,125,41661,55,Excellent,79067
Yamaha,Fascino,2015,250,70993,65,Good,69117
Royal Enfield,Classic 350,2018,350,21055,65,Good,124424
KTM,RC 390,2022,500,37692,40,Fair,122952
Bajaj,Pulsar 220,2022,250,11496,50,Excellent,139107
Yamaha,Fascino,2020,150,30318,50,Fair,96700
Yamaha,FZ-S,2017,150,66210,35,Fair,19700
Honda,Shine,2022,500,29452,40,Excellent,180041
Yamaha,FZ-S,2015,350,13707,45,Excellent,143769
Suzuki,Gixxer,2020,500,66625,50,Good,53541
Royal Enfield,Bullet 500,2015,125,55873,40,Excellent,68738
Bajaj,Avenger 220,2021,250,41952,40,Fair,89387
Yamaha,FZ-S,2019,200,79960,35,Excellent,14788
Suzuki,Access 125,2015,350,63358,55,Excellent,57633
Royal Enfield,Meteor 350,2018,250,50048,60,Good,81204
Yamaha,Fascino,2023,350,56140,60,Excellent,167724
Yamaha,FZ-S,2017,125,55678,35,Excellent,61213
KTM,Adventure 250,2022,100,57787,45,Fair,16079
Suzuki,Intruder,2023,100,8112,35,Excellent,124543
KTM,Duke 200,2019,125,28463,50,Excellent,112663
Yamaha,FZ-S,2016,350,46498,55,Excellent,42383
KTM,RC 390,2022,500,54386,65,Excellent,180801
KTM,Duke 200,2018,250,50634,40,Fair,63866
Royal Enfield,Meteor 350,2019,350,77766,35,Fair,36307
KTM,Adventure 250,2021,150,58781,45,Excellent,43161
KTM,RC 390,2017,150,7539,60,Good,103441
Suzuki,Intruder,2019,200,36493,55,Good,113240
Bajaj,Pulsar 220,2020,500,71728,40,Fair,85874
Bajaj,Avenger 220,2022,125,72580,55,Good,35003
Bajaj,Pulsar 220,2021,250,7891,35,Fair,45457
Suzuki,Access 125,2021,150,40397,60,Fair,86491
KTM,Adventure 250,2021,150,10836,60,Good,113372
Royal Enfield,Classic 350,2016,100,30865,55,Good,72163
Royal Enfield,Meteor 350,2023,125,18501,50,Fair,87771
Royal Enfield,Classic 350,2017,250,56367,60,Excellent,67620
KTM,RC 390,2020,200,38617,40,Fair,38114
Suzuki,Gixxer,2023,150,43227,65,Excellent,125268
KTM,RC 390,2023,200,42714,40,Good,67607
Royal Enfield,Classic 350,2015,125,10071,60,Excellent,77662
Bajaj,Platina 100,2019,150,17854,50,Excellent,95585
KTM,RC 390,2023,150,16795,55,Good,61750
Honda,CBR 150,2018,100,74125,50,Good,30475
Honda,Activa 125,2021,500,38320,55,Excellent,100617
Bajaj,Platina 100,2015,125,40833,50,Good,61722
Royal Enfield,Meteor 350,2022,150,73660,45,Fair,58442
KTM,Adventure 250,2022,125,71893,50,Good,81728
Bajaj,Pulsar 220,2020,125,51275,50,Fair,71667
KTM,RC 390,2021,125,25965,50,Good,112767
KTM,Duke 200,2021,125,35003,45,Fair,17794
Suzuki,Gixxer,2017,350,48358,40,Fair,60462
Bajaj,Pulsar 220,2017,125,75082,60,Excellent,38797
Suzuki,Access 125,2023,125,28462,45,Good,37849
Royal Enfield,Classic 350,2015,350,75218,50,Excellent,65876
Honda,Activa 125,2018,250,66408,35,Good,22756
KTM,Adventure 250,2019,350,53446,35,Excellent,27077
Suzuki,Access 125,2023,500,33597,65,Excellent,253295
Honda,Shine,2022,200,50538,40,Good,49305
Suzuki,Access 125,2023,350,61235,55,Good,76708
Royal Enfield,Bullet 500,2016,500,47723,55,Good,92774
Honda,Shine,2020,350,18395,40,Excellent,126722
Honda,CBR 150,2023,150,32889,40,Good,92376
Suzuki,Intruder,2021,200,51834,40,Excellent,82128
Suzuki,Access 125,2020,100,59694,60,Good,26065
Bajaj,Avenger 220,2015,350,68813,50,Excellent,91109
Yamaha,Fascino,2018,100,62278,60,Good,55345
KTM,Duke 200,2023,500,55170,50,Good,126182
Yamaha,FZ-S,2020,150,42716,55,Fair,42249
Suzuki,Intruder,2015,250,64339,55,Excellent,86482
Royal Enfield,Bullet 500,2023,200,68862,55,Excellent,49491
Yamaha,FZ-S,2015,200,73100,35,Excellent,63130
Yamaha,R15,2019,200,37027,55,Good,116468
Honda,Shine,2020,500,15076,40,Fair,137805
Suzuki,Intruder,2020,250,65446,50,Excellent,111010
KTM,Adventure 250,2023,250,30528,55,Excellent,114701
Suzuki,Access 125,2020,350,13594,50,Excellent,188639
Honda,CBR 150,2019,150,59900,40,Fair,38005
Suzuki,Gixxer,2018,100,42330,40,Fair,25672
Bajaj,Pulsar 220,2022,200,73338,55,Good,49179
KTM,Duke 200,2018,125,75283,60,Fair,33756
KTM,Duke 200,2021,500,73956,50,Excellent,114559
Bajaj,Avenger 220,2017,150,38036,55,Fair,54330
KTM,RC 390,2015,150,46885,50,Good,30119
Bajaj,Pulsar 220,2023,350,56555,40,Good,108048
Honda,CBR 150,2022,150,32193,45,Excellent,98857
Yamaha,FZ-S,2021,200,21688,65,Excellent,66658
Honda,Shine,2016,500,52573,45,Fair,45219
Royal Enfield,Meteor 350,2019,350,50084,55,Fair,93381
Royal Enfield,Bullet 500,2023,100,43014,65,Fair,77569
Honda,Activa 125,2017,200,17530,40,Fair,21285
Royal Enfield,Bullet 500,2015,125,65556,35,Excellent,22777
Honda,Activa 125,2021,250,13727,45,Excellent,99717
Bajaj,Avenger 220,2015,125,78879,40,Excellent,50885
KTM,Adventure 250,2017,500,76396,65,Good,121215
Bajaj,Platina 100,2015,100,13252,50,Fair,46025
Bajaj,Avenger 220,2019,125,13994,35,Excellent,92845
KTM,Duke 200,2020,350,61117,50,Good,110172
Yamaha,FZ-S,2022,150,62840,60,Fair,18720
Honda,Shine,2015,350,41890,65,Excellent,47538
Bajaj,Avenger 220,2022,100,19695,55,Good,124889
Bajaj,Platina 100,2022,250,62685,55,Fair,83906
Bajaj,Avenger 220,2019,250,73219,55,Good,91143
Yamaha,R15,2019,150,45774,40,Excellent,46912
Yamaha,FZ-S,2020,350,79368,60,Fair,55897
Bajaj,Pulsar 220,2019,100,17864,40,Fair,41667
Royal Enfield,Classic 350,2016,150,68538,50,Excellent,41158
Suzuki,Gixxer,2023,250,49655,45,Fair,94455
Suzuki,Access 125,2023,125,31022,40,Good,109160
Suzuki,Access 125,2018,500,15943,45,Fair,53041
KTM,RC 390,2018,350,50340,50,Good,67914
Royal Enfield,Meteor 350,2023,150,68691,50,Good,49217
KTM,Duke 200,2019,500,12161,65,Excellent,103385
Honda,Activa 125,2020,250,17081,35,Excellent,85495
Royal Enfield,Classic 350,2023,500,40665,45,Fair,130115
Royal Enfield,Classic 350,2016,200,9921,40,Fair,22083
Bajaj,Platina 100,2020,350,8627,65,Good,202698
KTM,RC 390,2016,100,73340,40,Fair,40381
Suzuki,Gixxer,2019,150,11705,40,Excellent,102689
Royal Enfield,Meteor 350,2017,125,34117,40,Fair,32498
Honda,CBR 150,2022,125,52639,45,Good,59069
Bajaj,Pulsar 220,2019,350,25411,60,Fair,126264
Royal Enfield,Classic 350,2020,350,22021,60,Fair,46627
Suzuki,Access 125,2018,150,55847,55,Fair,51017
Royal Enfield,Classic 350,2016,350,25547,50,Fair,78649
Royal Enfield,Meteor 350,2020,150,10011,40,Fair,79475
KTM,Adventure 250,2015,125,71298,65,Excellent,54530
Yamaha,R15,2019,250,22583,60,Fair,69946
Royal Enfield,Meteor 350,2018,200,10805,60,Good,94979
Yamaha,R15,2022,350,28223,50,Fair,109102
Yamaha,Fascino,2020,500,70526,55,Excellent,158314
Royal Enfield,Meteor 350,2017,500,65058,45,Excellent,91366
Suzuki,Access 125,2015,250,65427,45,Excellent,70070
Bajaj,Platina 100,2016,500,9675,60,Excellent,253749
Yamaha,Fascino,2016,125,5545,65,Excellent,55292
Suzuki,Access 125,2021,100,49107,45,Excellent,106667
Honda,CBR 150,2020,150,78127,65,Good,63097
Suzuki,Access 125,2016,100,51601,55,Fair,61368
Yamaha,R15,2019,350,15299,45,Fair,102260
Honda,Shine,2016,150,66254,35,Good,33820
Suzuki,Intruder,2021,500,64982,35,Excellent,111417
Yamaha,R15,2017,125,10169,35,Good,87038
Bajaj,Avenger 220,2022,500,5699,40,Fair,39019
Yamaha,R15,2019,250,60931,60,Good,33387
Bajaj,Avenger 220,2020,100,7709,35,Excellent,79990
Yamaha,R15,2015,125,28672,55,Fair,25237
Suzuki,Gixxer,2016,150,30345,55,Fair,83420
KTM,Duke 200,2020,125,30635,65,Excellent,144787
Honda,Shine,2019,250,51257,40,Good,53861
KTM,Adventure 250,2016,100,45383,45,Good,34710
Royal Enfield,Bullet 500,2019,350,60865,55,Fair,23984
Royal Enfield,Classic 350,2016,125,13903,55,Fair,87186
Royal Enfield,Classic 350,2023,125,59567,65,Good,44294
Bajaj,Pulsar 220,2021,150,45757,60,Excellent,117114
Yamaha,R15,2017,500,55947,35,Excellent,30832
Honda,CBR 150,2016,100,11516,40,Fair,19935
Yamaha,R15,2020,100,59100,45,Good,77742
Yamaha,FZ-S,2016,100,69432,35,Good,29544
Suzuki,Intruder,2017,350,8688,40,Fair,109126
Yamaha,FZ-S,2018,350,39599,45,Excellent,51804
Honda,Shine,2022,250,42854,35,Fair,39228
KTM,RC 390,2018,125,23860,60,Good,102675
KTM,Duke 200,2020,250,7474,35,Fair,26268
Royal Enfield,Classic 350,2023,125,45523,65,Excellent,100130
Honda,Shine,2021,350,29239,50,Good,114651
Bajaj,Pulsar 220,2017,100,22454,50,Excellent,60804
Yamaha,R15,2016,150,21328,40,Excellent,96414
KTM,RC 390,2020,500,34945,35,Good,47868
Yamaha,Fascino,2020,500,52042,45,Excellent,93524
Royal Enfield,Classic 350,2018,125,47610,45,Excellent,45952
Royal Enfield,Meteor 350,2017,150,57329,45,Excellent,73471
Honda,Shine,2015,350,69393,55,Excellent,27633
Royal Enfield,Meteor 350,2022,200,71183,50,Good,96955
Suzuki,Intruder,2021,250,50990,55,Good,102440
Royal Enfield,Meteor 350,2021,150,75850,45,Fair,20450
Royal Enfield,Classic 350,2021,125,15383,35,Fair,56429
Bajaj,Platina 100,2019,350,19282,40,Fair,89952
Bajaj,Platina 100,2017,100,17148,40,Excellent,65486
Bajaj,Platina 100,2023,100,69180,40,Fair,58355
Honda,Activa 125,2021,100,76295,55,Good,53047
Honda,Shine,2015,350,76825,35,Fair,42583
KTM,RC 390,2023,125,25874,60,Excellent,71498
Yamaha,FZ-S,2017,500,51716,55,Good,128565
Suzuki,Intruder,2015,250,69862,40,Excellent,17443
Honda,Activa 125,2022,250,42062,45,Excellent,157292
Royal Enfield,Classic 350,2020,350,17145,45,Good,118492
Suzuki,Intruder,2019,200,5920,65,Good,61659
Royal Enfield,Meteor 350,2018,500,38310,65,Good,145039
Bajaj,Platina 100,2021,100,31510,45,Fair,38314
Suzuki,Access 125,2021,250,76987,55,Fair,35580
KTM,Adventure 250,2018,500,25557,55,Good,183725
Honda,CBR 150,2015,250,66264,35,Fair,12660
Honda,CBR 150,2015,150,74384,65,Good,34692
Bajaj,Platina 100,2021,150,22116,50,Fair,76526
Bajaj,Platina 100,2023,150,27649,55,Excellent,41262
KTM,RC 390,2021,125,47879,50,Good,67300
Yamaha,R15,2016,125,18801,65,Excellent,146909
KTM,Duke 200,2022,200,34673,65,Excellent,113876
Bajaj,Avenger 220,2019,200,5833,65,Good,68163
Suzuki,Intruder,2020,500,11109,50,Fair,135886
KTM,Adventure 250,2015,125,77089,50,Good,45031
KTM,RC 390,2022,100,75584,65,Fair,70317
Honda,Activa 125,2022,125,14953,65,Excellent,47313
Royal Enfield,Classic 350,2019,150,16313,40,Fair,27562
Royal Enfield,Classic 350,2023,100,15741,35,Good,101969
KTM,RC 390,2017,125,5419,40,Fair,53523
Yamaha,R15,2021,125,55152,35,Excellent,47178
Royal Enfield,Classic 350,2021,100,38452,50,Good,46688
Yamaha,R15,2018,250,12108,65,Fair,74739
Bajaj,Avenger 220,2016,250,64200,65,Excellent,120886
Bajaj,Pulsar 220,2023,350,43907,60,Excellent,77617
Bajaj,Platina 100,2019,100,39416,65,Excellent,48232
KTM,Duke 200,2019,350,43497,55,Good,84566
Royal Enfield,Classic 350,2016,250,8925,35,Excellent,64568
Yamaha,Fascino,2022,250,38539,60,Excellent,154601
Bajaj,Avenger 220,2015,125,50758,40,Excellent,46171
Royal Enfield,Meteor 350,2016,500,5420,55,Good,124414
KTM,Adventure 250,2023,350,23429,65,Fair,144395
Suzuki,Access 125,2019,150,6785,55,Fair,109450
Bajaj,Avenger 220,2017,100,49373,35,Good,28175
KTM,Adventure 250,2023,500,16552,55,Excellent,126962
KTM,Duke 200,2023,250,70946,40,Good,74754
Royal Enfield,Classic 350,2017,125,67320,60,Excellent,65092
Yamaha,Fascino,2023,150,38795,45,Excellent,74138
KTM,RC 390,2019,350,26055,65,Fair,140779
Honda,Activa 125,2021,100,65276,50,Good,79987
Yamaha,R15,2023,250,38655,50,Good,128132
Bajaj,Platina 100,2020,500,62490,50,Good,126331
KTM,Duke 200,2018,200,75939,60,Excellent,89187
Bajaj,Platina 100,2016,200,73979,60,Fair,38270
KTM,Duke 200,2016,350,72415,65,Fair,25807
Bajaj,Pulsar 220,2023,350,6712,45,Excellent,59793
KTM,RC 390,2019,100,17306,55,Excellent,53784
Yamaha,Fascino,2017,200,76206,55,Good,61522
KTM,Adventure 250,2017,500,62226,45,Excellent,117961
Bajaj,Pulsar 220,2018,250,33135,65,Excellent,53507
Yamaha,Fascino,2021,125,67505,55,Excellent,79842
Honda,CBR 150,2019,125,17614,65,Fair,116357
Yamaha,R15,2015,200,64428,65,Fair,62893
Yamaha,Fascino,2018,200,9281,65,Fair,46042
Yamaha,Fascino,2015,250,7337,55,Fair,60271
Suzuki,Access 125,2023,125,77308,55,Fair,17508
Honda,CBR 150,2020,100,43976,45,Excellent,101170
KTM,RC 390,2020,200,52458,50,Good,67397
Yamaha,FZ-S,2020,100,78369,40,Excellent,68290
Bajaj,Pulsar 220,2018,100,26108,45,Fair,15900
Yamaha,FZ-S,2019,500,46727,40,Excellent,166809
Yamaha,R15,2019,350,73152,35,Excellent,92307
Royal Enfield,Classic 350,2023,100,32095,35,Excellent,62021
Yamaha,R15,2016,150,53990,60,Excellent,88577
KTM,Adventure 250,2017,200,60822,50,Fair,38311
Royal Enfield,Meteor 350,2016,200,69660,60,Good,54286
Suzuki,Access 125,2018,150,77634,35,Fair,13126
Suzuki,Intruder,2019,500,25140,40,Good,105413
Royal Enfield,Meteor 350,2015,125,36946,65,Fair,45308
KTM,RC 390,2021,150,44534,55,Good,51674
Honda,Activa 125,2022,100,23802,45,Good,111932
Royal Enfield,Meteor 350,2021,200,60119,60,Good,83177
KTM,Adventure 250,2015,500,75262,45,Excellent,65640
Royal Enfield,Bullet 500,2021,150,59767,65,Good,58531
Suzuki,Intruder,2015,500,29440,60,Excellent,188447
Bajaj,Platina 100,2017,500,60029,60,Good,93639
KTM,RC 390,2022,500,24253,35,Good,129200
Bajaj,Platina 100,2023,100,26548,40,Excellent,112449
Royal Enfield,Bullet 500,2020,350,59658,45,Excellent,126664
Honda,CBR 150,2023,125,10171,35,Fair,37446
Suzuki,Gixxer,2021,150,79207,40,Excellent,55277
Yamaha,R15,2021,250,36982,65,Good,38921
KTM,RC 390,2018,125,64475,35,Excellent,52476
KTM,Duke 200,2016,500,48421,40,Good,105518
KTM,Duke 200,2017,100,7770,35,Fair,41747
Suzuki,Access 125,2022,250,49925,50,Good,36038
Suzuki,Access 125,2016,500,40746,40,Excellent,82194
Royal Enfield,Meteor 350,2015,350,20738,50,Excellent,140652
Suzuki,Intruder,2023,350,14651,65,Fair,46252
Yamaha,FZ-S,2017,250,45671,60,Good,72848
Bajaj,Platina 100,2020,500,8375,60,Excellent,109086
Yamaha,FZ-S,2022,200,17709,65,Good,86447
Yamaha,Fascino,2019,150,20413,60,Excellent,37914
Honda,CBR 150,2017,350,16758,65,Excellent,219348
Yamaha,R15,2019,125,44929,55,Excellent,121941
Bajaj,Avenger 220,2019,500,43649,50,Excellent,172258
Suzuki,Gixxer,2019,350,65939,35,Excellent,94046
Bajaj,Pulsar 220,2017,350,46061,60,Excellent,159289
Yamaha,R15,2017,150,70328,50,Good,24341
KTM,RC 390,2019,250,46431,35,Fair,54266
Yamaha,Fascino,2020,125,71301,65,Good,84893
Honda,Activa 125,2016,350,38935,60,Excellent,127088
Yamaha,FZ-S,2016,100,37779,45,Excellent,87480
Yamaha,FZ-S,2019,250,79314,60,Good,24787
Honda,Shine,2023,200,41518,60,Excellent,96142
Royal Enfield,Bullet 500,2023,500,39227,55,Excellent,152962
Royal Enfield,Bullet 500,2022,250,44633,35,Excellent,113570
Suzuki,Intruder,2015,125,63529,40,Good,19240
Honda,Activa 125,2021,125,43284,45,Good,33450
Yamaha,R15,2018,200,31442,55,Good,96638
Royal Enfield,Meteor 350,2021,500,27492,35,Good,78686
Honda,CBR 150,2021,500,22902,50,Excellent,117750
Bajaj,Avenger 220,2020,150,36123,60,Good,103264
KTM,Adventure 250,2020,350,39006,35,Excellent,62972
Honda,Shine,2021,150,61350,40,Excellent,72528
Bajaj,Platina 100,2023,350,29094,65,Good,94700
Bajaj,Avenger 220,2017,250,6836,35,Excellent,72620
Royal Enfield,Classic 350,2016,200,52967,35,Good,40344
Bajaj,Pulsar 220,2019,125,27344,50,Excellent,52877
KTM,Duke 200,2019,250,12246,65,Fair,123599
Royal Enfield,Bullet 500,2022,150,70207,65,Fair,48108
Suzuki,Intruder,2019,100,33098,50,Good,33989
Suzuki,Access 125,2022,250,16028,45,Excellent,142012
Royal Enfield,Meteor 350,2020,100,66757,55,Excellent,27139
Bajaj,Platina 100,2019,150,24363,60,Good,32613
Suzuki,Access 125,2019,125,78746,35,Excellent,46646
Honda,CBR 150,2022,500,60016,60,Good,51905
Honda,Shine,2015,150,45116,65,Fair,35593
Royal Enfield,Classic 350,2018,200,74315,60,Good,36065
Royal Enfield,Meteor 350,2019,100,28856,40,Fair,46328
Yamaha,FZ-S,2018,200,42607,65,Good,57173
KTM,Adventure 250,2016,350,69663,35,Excellent,43247
Yamaha,Fascino,2017,200,65371,45,Excellent,31034
Suzuki,Intruder,2022,500,70906,40,Good,28338
Bajaj,Platina 100,2019,350,39903,65,Excellent,69149
Royal Enfield,Meteor 350,2016,200,55194,55,Fair,52667
KTM,RC 390,2015,150,23873,55,Good,85367
Yamaha,R15,2018,250,9999,60,Excellent,58835
Suzuki,Gixxer,2023,200,53396,40,Good,95043
Suzuki,Intruder,2015,125,12151,35,Excellent,34382
Yamaha,FZ-S,2015,200,20300,40,Fair,22968
Honda,CBR 150,2016,150,68018,65,Fair,32766
Honda,CBR 150,2016,100,32360,45,Fair,38387
KTM,RC 390,2019,125,38999,55,Excellent,115707
Bajaj,Pulsar 220,2020,200,14744,45,Good,94659
Yamaha,R15,2017,100,26029,60,Excellent,58149
Yamaha,Fascino,2023,150,23020,45,Excellent,92001
Yamaha,FZ-S,2023,500,41634,45,Good,78644
KTM,Adventure 250,2021,500,64130,55,Fair,65909
Suzuki,Gixxer,2019,200,61241,55,Good,96135
Bajaj,Avenger 220,2020,100,24512,60,Good,75131
KTM,Adventure 250,2019,350,11571,65,Excellent,168755
Royal Enfield,Meteor 350,2015,250,14475,35,Excellent,54067
KTM,Adventure 250,2018,100,30651,60,Fair,70584
KTM,Adventure 250,2016,125,38209,60,Fair,32945
Bajaj,Avenger 220,2018,250,73841,50,Good,33794
Royal Enfield,Classic 350,2020,100,27479,35,Good,63859
KTM,Duke 200,2022,125,50211,65,Excellent,117887
KTM,RC 390,2023,500,33629,65,Good,177604
Yamaha,FZ-S,2017,500,54660,50,Excellent,164300
Honda,CBR 150,2018,125,7198,50,Good,107135
Royal Enfield,Meteor 350,2023,500,75403,35,Fair,92246
Honda,Activa 125,2017,150,23169,45,Fair,49606
KTM,RC 390,2022,150,10884,55,Excellent,117425
Royal Enfield,Bullet 500,2021,150,73725,55,Fair,51738
Suzuki,Access 125,2021,250,61423,40,Excellent,116049
Suzuki,Intruder,2021,150,48486,45,Fair,17243
Honda,Activa 125,2015,125,49234,50,Good,27087
Royal Enfield,Bullet 500,2017,250,16006,40,Excellent,29850
Yamaha,FZ-S,2023,200,56742,55,Fair,28040
Suzuki,Access 125,2023,200,19052,55,Good,79897
Suzuki,Intruder,2018,100,66980,65,Good,46434
Yamaha,R15,2020,150,76194,45,Excellent,43041
Bajaj,Avenger 220,2020,200,17807,50,Good,73519
Bajaj,Pulsar 220,2020,500,14577,45,Excellent,228148
Bajaj,Pulsar 220,2021,350,16001,55,Fair,43896
Honda,Shine,2015,250,58047,65,Fair,62796
Royal Enfield,Bullet 500,2020,500,23052,45,Good,81198
Yamaha,R15,2015,125,20614,60,Fair,75623
Suzuki,Intruder,2017,100,74111,45,Excellent,14281
Royal Enfield,Classic 350,2016,500,51605,35,Fair,30938
Suzuki,Intruder,2018,250,29858,65,Fair,76992
Bajaj,Avenger 220,2022,350,7958,50,Fair,160495
Bajaj,Avenger 220,2016,200,28769,65,Excellent,39714
KTM,Duke 200,2018,500,34224,55,Excellent,204284
Honda,Activa 125,2015,500,66161,60,Good,70109
Honda,Shine,2020,125,28371,60,Excellent,154784
Yamaha,R15,2023,350,9020,45,Fair,51963
KTM,Adventure 250,2021,200,46083,35,Excellent,50396
Honda,Activa 125,2020,150,28540,40,Good,22793
Yamaha,FZ-S,2015,350,38118,65,Good,127000
Yamaha,Fascino,2022,350,37902,40,Fair,54134
Yamaha,Fascino,2019,150,53969,50,Good,35193
KTM,Duke 200,2016,250,7902,35,Fair,58457
KTM,Duke 200,2021,500,28240,50,Good,71437
Suzuki,Access 125,2019,350,54707,55,Good,108599
Yamaha,FZ-S,2017,100,57550,35,Good,42244
Yamaha,R15,2022,100,30689,40,Excellent,84499
Yamaha,FZ-S,2020,125,78184,50,Good,35411
Bajaj,Platina 100,2018,150,50775,55,Fair,17049
Royal Enfield,Meteor 350,2017,100,52635,35,Good,31485
Suzuki,Gixxer,2021,150,67234,45,Excellent,36667
Honda,Shine,2015,125,6600,40,Fair,24498
KTM,Adventure 250,2019,500,31238,60,Good,163412
Bajaj,Avenger 220,2015,100,12137,50,Excellent,96245
Honda,CBR 150,2017,200,74141,65,Excellent,58962
Honda,CBR 150,2023,250,45956,55,Fair,87867
Bajaj,Pulsar 220,2019,100,76922,65,Good,71745
Honda,Activa 125,2016,250,7994,45,Excellent,130059
KTM,Adventure 250,2022,350,59033,65,Good,119683
Royal Enfield,Classic 350,2017,350,7050,60,Excellent,55210
Honda,CBR 150,2019,200,75042,45,Excellent,46737
KTM,Duke 200,2020,350,23885,40,Fair,81586
Honda,Shine,2019,500,58578,50,Fair,39286
Royal Enfield,Meteor 350,2019,125,57372,60,Fair,26885
Honda,Shine,2019,150,60652,40,Fair,48949
Bajaj,Avenger 220,2017,100,7354,60,Fair,56923
Honda,CBR 150,2018,200,16097,40,Fair,65957
Yamaha,R15,2022,250,15228,35,Excellent,150563
Honda,Shine,2016,350,52145,55,Fair,47903
Royal Enfield,Meteor 350,2015,150,52601,50,Good,43519
Suzuki,Intruder,2020,350,48315,50,Excellent,163029
Royal Enfield,Bullet 500,2018,200,12936,35,Fair,41986
Royal Enfield,Meteor 350,2019,100,76263,60,Excellent,74213
Suzuki,Access 125,2019,100,61137,55,Good,78311
KTM,Adventure 250,2021,125,73848,65,Fair,70176
Honda,CBR 150,2017,150,30768,60,Excellent,97884
Bajaj,Avenger 220,2018,350,73172,55,Fair,40022
Royal Enfield,Meteor 350,2021,500,41864,50,Excellent,200726
Honda,Activa 125,2023,200,61086,45,Fair,77947
Bajaj,Pulsar 220,2017,250,7726,50,Fair,101038
Bajaj,Pulsar 220,2022,125,74768,55,Fair,57620
Bajaj,Avenger 220,2015,100,13821,35,Excellent,46043
Honda,Activa 125,2021,125,11092,65,Excellent,176836
Yamaha,R15,2020,350,32295,45,Good,140897
Honda,CBR 150,2019,250,9271,55,Fair,41541
Yamaha,Fascino,2016,350,32386,50,Fair,54148
KTM,Duke 200,2019,200,8728,55,Fair,26112
Suzuki,Intruder,2017,125,17187,50,Fair,62897
KTM,RC 390,2016,200,37299,50,Good,62585
Yamaha,FZ-S,2019,125,59487,60,Excellent,114384
Bajaj,Avenger 220,2023,150,27854,45,Excellent,34350
Bajaj,Avenger 220,2019,200,23664,40,Good,91596
KTM,Duke 200,2018,350,40306,40,Good,67439
Suzuki,Access 125,2019,100,65828,55,Fair,15484
Yamaha,FZ-S,2017,125,18080,55,Excellent,37817
Royal Enfield,Bullet 500,2023,100,61126,55,Good,35209
KTM,RC 390,2023,350,72041,55,Fair,91520
Royal Enfield,Meteor 350,2018,250,54206,60,Good,25106
Bajaj,Platina 100,2021,125,67799,60,Excellent,35230
KTM,Adventure 250,2016,200,40182,45,Good,33470
Royal Enfield,Bullet 500,2022,250,6502,60,Fair,131387
Yamaha,R15,2019,125,32321,50,Fair,27852
Suzuki,Gixxer,2022,500,42703,50,Fair,132591
KTM,RC 390,2020,350,51649,35,Good,56173
KTM,Duke 200,2018,350,31206,40,Fair,102756
Honda,Shine,2020,250,66957,45,Good,85425
KTM,Duke 200,2021,500,40149,35,Good,48960
KTM,Duke 200,2019,500,75928,40,Excellent,110011
Royal Enfield,Bullet 500,2018,200,24266,35,Excellent,92437
Royal Enfield,Classic 350,2022,100,54314,40,Fair,43886
Bajaj,Avenger 220,2021,100,60639,65,Excellent,81058
Suzuki,Access 125,2016,125,10951,55,Excellent,41639
Yamaha,FZ-S,2022,125,63051,55,Fair,67473
Royal Enfield,Meteor 350,2016,200,49241,40,Fair,20173
KTM,Duke 200,2022,150,64464,60,Excellent,111487
Bajaj,Pulsar 220,2017,500,76573,40,Excellent,110222
KTM,Adventure 250,2019,100,64664,35,Excellent,56137
KTM,Adventure 250,2018,250,25236,35,Excellent,64042
Royal Enfield,Classic 350,2021,200,33715,55,Fair,28646
Yamaha,FZ-S,2016,500,59569,65,Good,115408
Bajaj,Platina 100,2020,125,50683,35,Good,16444
Honda,Shine,2019,500,57871,35,Fair,53400
Suzuki,Intruder,2020,200,64118,65,Excellent,32659
Royal Enfield,Meteor 350,2016,350,33789,45,Fair,56664
Yamaha,Fascino,2021,350,76940,60,Good,88743
Yamaha,Fascino,2017,500,40421,35,Fair,75795
Suzuki,Gixxer,2018,250,59435,60,Fair,86310
Honda,CBR 150,2020,100,76215,65,Good,79912
KTM,Duke 200,2019,350,28043,50,Good,97001
Bajaj,Avenger 220,2018,200,64707,45,Excellent,36642
Yamaha,Fascino,2016,150,66637,50,Fair,23004
Suzuki,Access 125,2015,125,79737,50,Fair,11316
Bajaj,Avenger 220,2018,200,60680,50,Good,70322
KTM,Duke 200,2021,250,37225,65,Fair,130106
Yamaha,Fascino,2018,250,64427,40,Good,49174
Bajaj,Platina 100,2021,100,17401,45,Excellent,37482
Yamaha,R15,2017,125,24485,40,Good,51334
Honda,Activa 125,2022,200,44976,35,Excellent,28930
Suzuki,Access 125,2019,500,49277,60,Excellent,59906
Royal Enfield,Meteor 350,2020,150,66583,65,Fair,74521
Honda,Shine,2021,150,77256,35,Good,37090
Royal Enfield,Classic 350,2021,250,36189,60,Fair,127156
Royal Enfield,Classic 350,2018,200,13926,60,Good,100155
Honda,Shine,2022,200,15092,35,Fair,98494
Yamaha,R15,2020,200,53165,60,Good,29746
Suzuki,Access 125,2017,350,14399,50,Fair,29989
Yamaha,R15,2016,200,54370,55,Excellent,96430
Yamaha,Fascino,2020,150,23853,55,Excellent,67975
Bajaj,Pulsar 220,2021,250,52302,65,Excellent,101625
Honda,Shine,2017,125,65533,60,Good,58368
Royal Enfield,Classic 350,2020,100,70591,55,Excellent,59926
Royal Enfield,Bullet 500,2021,200,28397,35,Fair,74591
Royal Enfield,Bullet 500,2016,350,29623,55,Fair,48569
Suzuki,Gixxer,2016,250,10906,35,Excellent,60238
KTM,Duke 200,2018,125,24022,55,Good,28540
Bajaj,Platina 100,2015,200,73208,40,Fair,40796
Bajaj,Platina 100,2019,200,70403,65,Good,25257
Suzuki,Gixxer,2023,125,68328,35,Excellent,39345
Royal Enfield,Meteor 350,2023,200,23023,65,Good,39985
KTM,Adventure 250,2015,125,40875,65,Fair,74891
Bajaj,Platina 100,2017,125,14223,40,Excellent,105375
KTM,Adventure 250,2018,125,29241,35,Good,60105
Honda,Activa 125,2018,100,9426,55,Good,82519
Royal Enfield,Bullet 500,2015,150,41049,40,Excellent,65705
Yamaha,Fascino,2022,100,46807,65,Good,89700
KTM,RC 390,2022,100,34858,40,Fair,58364
Bajaj,Avenger 220,2020,100,69740,45,Fair,28721
KTM,Duke 200,2016,125,44359,35,Fair,44199
Bajaj,Platina 100,2022,100,17132,45,Fair,42674
Royal Enfield,Bullet 500,2019,150,44305,35,Fair,48284
KTM,RC 390,2022,500,13780,50,Good,248641
KTM,Adventure 250,2020,100,12780,35,Good,92638
Honda,Activa 125,2018,200,76495,45,Excellent,27898
Bajaj,Pulsar 220,2022,125,38362,60,Fair,104433
KTM,RC 390,2023,100,44429,45,Good,73337
Honda,CBR 150,2021,150,28600,45,Excellent,72910
Honda,Shine,2020,350,27329,40,Fair,115878
Honda,Activa 125,2017,500,60130,40,Fair,31609
Suzuki,Gixxer,2023,125,54199,35,Fair,17819
Royal Enfield,Bullet 500,2021,125,75937,55,Good,63513
KTM,RC 390,2015,125,60360,35,Fair,18836
Bajaj,Pulsar 220,2015,250,20293,40,Fair,22093
Suzuki,Intruder,2023,200,77678,55,Good,91285
Royal Enfield,Classic 350,2018,150,69072,65,Fair,68502
Suzuki,Intruder,2019,500,67705,60,Excellent,176333
KTM,Adventure 250,2021,100,18754,55,Fair,64202
Yamaha,FZ-S,2019,125,71323,60,Good,18705
Suzuki,Gixxer,2021,200,11431,50,Fair,107874
Royal Enfield,Bullet 500,2022,500,16070,55,Excellent,168423
Honda,CBR 150,2023,150,59141,45,Fair,59487
Suzuki,Intruder,2015,125,8991,60,Good,54923
KTM,Adventure 250,2022,200,41934,65,Fair,60384
Yamaha,Fascino,2020,150,15891,45,Fair,83151
Bajaj,Pulsar 220,2020,150,61045,45,Excellent,87121
Honda,Activa 125,2021,125,58828,35,Fair,43453
Yamaha,Fascino,2020,500,57880,45,Good,64355
Suzuki,Intruder,2016,125,66144,55,Excellent,31054
KTM,Duke 200,2022,200,60865,60,Fair,44715
Yamaha,FZ-S,2017,200,49932,55,Fair,62299
Suzuki,Intruder,2022,500,58567,55,Excellent,68261
Suzuki,Access 125,2016,250,18335,40,Good,74175
Honda,Activa 125,2021,250,38101,65,Good,45527
Royal Enfield,Meteor 350,2022,200,10848,65,Fair,115931
Royal Enfield,Bullet 500,2015,200,42089,45,Fair,21385
Suzuki,Access 125,2023,100,11986,50,Fair,94715
Bajaj,Pulsar 220,2019,250,66197,50,Fair,41508
Yamaha,R15,2019,125,13891,40,Good,66482
KTM,Duke 200,2021,200,26082,55,Fair,99797
KTM,Duke 200,2021,100,20330,60,Excellent,43107
Bajaj,Pulsar 220,2023,200,24925,60,Excellent,207106
Honda,CBR 150,2015,250,24654,35,Fair,48524
Royal Enfield,Classic 350,2015,500,44610,45,Fair,45059
Bajaj,Pulsar 220,2015,150,53969,65,Good,22857
Yamaha,Fascino,2017,250,29753,40,Fair,44489
KTM,RC 390,2015,125,53834,50,Fair,36230
Honda,Activa 125,2018,250,47144,65,Fair,85009
Yamaha,R15,2022,350,23170,50,Excellent,127977
Yamaha,FZ-S,2021,350,31926,65,Excellent,87674
Bajaj,Platina 100,2019,500,45578,60,Excellent,129072
KTM,Adventure 250,2018,100,61554,45,Fair,22322
Royal Enfield,Bullet 500,2018,200,49487,40,Good,67242
KTM,RC 390,2022,250,21783,50,Excellent,169157
KTM,RC 390,2017,150,18766,40,Fair,16276
Yamaha,R15,2021,200,76209,45,Fair,62513
Honda,CBR 150,2016,250,73025,50,Good,42250
Yamaha,R15,2017,250,54498,60,Good,32761
Honda,CBR 150,2016,500,46157,35,Excellent,66425
Bajaj,Avenger 220,2018,150,27036,60,Fair,80720
Yamaha,R15,2020,200,61457,60,Excellent,94718
Suzuki,Gixxer,2016,500,59864,55,Fair,80547
Royal Enfield,Classic 350,2022,250,17765,40,Excellent,119598
Bajaj,Avenger 220,2022,200,11921,60,Excellent,205330
Yamaha,FZ-S,2015,200,49087,35,Excellent,80925
Royal Enfield,Classic 350,2015,250,23883,45,Fair,18678
Yamaha,FZ-S,2020,200,76474,40,Fair,58263
Honda,Activa 125,2020,125,42798,65,Excellent,75822
Bajaj,Platina 100,2020,100,73599,60,Fair,59277
Suzuki,Gixxer,2021,350,24128,45,Fair,90732
Yamaha,R15,2015,100,56148,45,Good,13125
KTM,Duke 200,2021,100,25203,45,Good,34633
Suzuki,Access 125,2019,350,42089,55,Good,87975
Suzuki,Intruder,2019,500,63528,40,Excellent,137826
Honda,CBR 150,2020,100,46023,45,Fair,16817
Yamaha,R15,2022,200,19428,60,Excellent,155023
Bajaj,Platina 100,2021,125,50108,40,Fair,63704
Yamaha,R15,2021,200,42659,55,Good,62586
Royal Enfield,Meteor 350,2017,200,12893,60,Fair,57568
Yamaha,Fascino,2017,150,49591,50,Excellent,46720
Royal Enfield,Classic 350,2016,100,73163,50,Fair,30060
Suzuki,Intruder,2020,350,49291,55,Good,59282
KTM,Adventure 250,2016,150,22236,35,Excellent,88401
KTM,Duke 200,2021,125,62507,65,Excellent,71799
KTM,RC 390,2023,250,48184,65,Excellent,203272
KTM,Adventure 250,2021,200,53010,60,Fair,33209
Royal Enfield,Bullet 500,2019,200,18887,55,Excellent,105453
Suzuki,Gixxer,2015,200,8162,45,Good,59676
Suzuki,Intruder,2019,250,70858,65,Excellent,107491
KTM,Adventure 250,2019,200,51624,35,Good,80159
Honda,Activa 125,2019,200,67982,45,Fair,63056
KTM,RC 390,2016,150,9626,55,Good,75767
Bajaj,Pulsar 220,2015,100,60805,40,Fair,12144
Suzuki,Gixxer,2016,250,73561,55,Good,72362
KTM,RC 390,2016,100,14357,55,Good,93193
Honda,Activa 125,2016,100,63124,65,Fair,43666
Honda,Activa 125,2019,100,23621,60,Good,96517
KTM,Duke 200,2016,100,6439,35,Fair,42369
Royal Enfield,Bullet 500,2021,200,50590,55,Excellent,37427
Royal Enfield,Bullet 500,2016,100,25201,40,Excellent,68049
Bajaj,Pulsar 220,2022,200,71969,40,Fair,23010
Royal Enfield,Classic 350,2017,500,73389,50,Good,106706
Suzuki,Gixxer,2018,350,53578,55,Good,45757
Royal Enfield,Classic 350,2021,150,24807,45,Fair,51325
Yamaha,Fascino,2017,350,40155,60,Excellent,179774
Royal Enfield,Bullet 500,2020,200,26935,40,Excellent,108022
Bajaj,Pulsar 220,2020,350,30505,50,Fair,54346
Yamaha,FZ-S,2016,350,31825,35,Fair,64393
Suzuki,Access 125,2017,200,39788,45,Excellent,58906
Bajaj,Pulsar 220,2020,150,53845,40,Fair,38938
Bajaj,Pulsar 220,2018,500,41447,60,Excellent,184428
Yamaha,FZ-S,2016,500,50477,45,Excellent,95699
Yamaha,FZ-S,2019,150,11296,40,Fair,54733
Honda,Activa 125,2018,250,69383,40,Good,63972
Suzuki,Intruder,2021,250,79663,35,Fair,29243
Suzuki,Access 125,2017,500,45079,60,Good,39495
Bajaj,Platina 100,2021,100,56313,35,Good,19693
Honda,Activa 125,2019,350,71027,65,Excellent,139137
Bajaj,Platina 100,2023,350,31137,50,Excellent,219439
Bajaj,Platina 100,2018,200,10755,50,Good,37636
Honda,CBR 150,2018,150,45097,45,Good,75924
KTM,Adventure 250,2018,100,58497,50,Fair,26196
Suzuki,Access 125,2016,500,67748,60,Excellent,103295
Royal Enfield,Classic 350,2019,200,42726,60,Excellent,61100
KTM,Adventure 250,2015,500,46896,35,Fair,26206
Bajaj,Avenger 220,2022,150,73697,40,Good,28163
KTM,Adventure 250,2022,150,34725,35,Good,46186
Royal Enfield,Bullet 500,2023,200,17247,55,Good,178804
Bajaj,Platina 100,2016,350,47045,35,Excellent,109642
Honda,CBR 150,2018,200,51289,35,Fair,31481
Suzuki,Intruder,2019,125,9769,50,Good,121510
Royal Enfield,Meteor 350,2019,200,27152,55,Excellent,41643
Yamaha,Fascino,2021,125,25680,35,Excellent,51921
Suzuki,Intruder,2023,150,59866,65,Fair,67578
KTM,Duke 200,2021,200,44791,55,Fair,101227
Royal Enfield,Meteor 350,2015,500,19237,55,Fair,116447
Royal Enfield,Meteor 350,2018,350,58632,45,Good,78596
Suzuki,Access 125,2023,150,63631,60,Good,80860
KTM,Adventure 250,2017,200,74947,55,Excellent,73862
Bajaj,Pulsar 220,2018,100,20982,50,Fair,31600
Royal Enfield,Classic 350,2023,350,44337,55,Fair,131483
Yamaha,FZ-S,2015,350,64201,35,Fair,27756
KTM,Adventure 250,2018,150,19230,45,Excellent,41807
KTM,Adventure 250,2017,100,56331,40,Excellent,44985
Yamaha,R15,2019,200,56744,35,Excellent,91724
Bajaj,Platina 100,2015,200,74576,60,Fair,44755
Suzuki,Intruder,2023,350,45047,35,Good,35551
Bajaj,Avenger 220,2016,350,69823,45,Excellent,55940
Bajaj,Pulsar 220,2017,125,23478,40,Fair,43556
Yamaha,FZ-S,2021,250,19167,50,Excellent,180256
Yamaha,R15,2021,100,11560,65,Good,47330
Yamaha,Fascino,2020,125,61280,35,Good,39851
Yamaha,FZ-S,2022,125,54113,65,Excellent,131672
Honda,Activa 125,2015,250,18165,35,Fair,61905
Honda,Activa 125,2019,350,34411,60,Fair,50874
Honda,CBR 150,2019,500,65783,50,Good,55745
KTM,Adventure 250,2020,125,40537,55,Good,51821
Honda,CBR 150,2022,150,5257,35,Good,126844
Royal Enfield,Classic 350,2022,125,44853,50,Excellent,97846
Suzuki,Access 125,2019,150,75530,55,Good,29733
KTM,RC 390,2023,350,67244,45,Good,57825
Royal Enfield,Classic 350,2020,150,79463,45,Good,63948
Bajaj,Avenger 220,2023,500,63852,40,Fair,95691
Honda,Shine,2018,500,50121,40,Excellent,65956
Suzuki,Gixxer,2022,150,40071,45,Good,25193
Bajaj,Pulsar 220,2019,350,8000,35,Good,36455
Bajaj,Avenger 220,2015,250,79022,45,Good,36117
Honda,CBR 150,2019,500,48103,60,Fair,124287
Bajaj,Platina 100,2017,125,37959,55,Fair,72879
Royal Enfield,Meteor 350,2023,150,6128,35,Excellent,142914
Suzuki,Intruder,2020,350,70487,55,Fair,50514
Yamaha,FZ-S,2021,350,32265,40,Fair,74974
Bajaj,Pulsar 220,2022,100,50136,50,Good,49270
Bajaj,Platina 100,2016,100,14651,55,Excellent,101578
Honda,Shine,2018,200,36571,50,Good,31240
Royal Enfield,Meteor 350,2018,150,23951,40,Good,25409
Honda,Activa 125,2018,500,58164,55,Fair,110064
Bajaj,Avenger 220,2019,350,54856,45,Excellent,49915
Bajaj,Platina 100,2017,100,72592,35,Excellent,36672
Bajaj,Avenger 220,2020,200,41204,60,Excellent,49591
KTM,RC 390,2016,500,17153,35,Good,65355
Bajaj,Avenger 220,2019,100,11070,35,Good,77016
Royal Enfield,Classic 350,2022,350,24914,40,Good,154731
Royal Enfield,Bullet 500,2020,500,49050,65,Fair,138389
Honda,Activa 125,2017,250,34834,60,Fair,65852
Royal Enfield,Bullet 500,2021,200,69354,45,Fair,70539
Bajaj,Avenger 220,2023,150,42107,45,Fair,84115
Suzuki,Gixxer,2019,350,25832,50,Good,84179
Suzuki,Access 125,2015,200,44910,45,Good,71900
KTM,Duke 200,2017,350,43989,40,Excellent,34192
Royal Enfield,Classic 350,2019,150,71249,65,Fair,51934
Suzuki,Intruder,2020,100,77022,35,Excellent,26886
Bajaj,Platina 100,2022,350,53682,65,Excellent,211338
Suzuki,Intruder,2021,350,8156,35,Fair,76889
KTM,Adventure 250,2017,250,57970,55,Fair,42224
Royal Enfield,Meteor 350,2022,100,71349,60,Fair,34942
KTM,Adventure 250,2018,250,56019,40,Good,57665
Yamaha,FZ-S,2021,125,76355,45,Excellent,51329
Yamaha,Fascino,2022,100,34242,50,Good,104133
Yamaha,FZ-S,2021,125,15329,65,Excellent,110016
Honda,CBR 150,2023,500,7425,55,Excellent,153913
Honda,CBR 150,2015,250,60930,50,Fair,17274
KTM,Duke 200,2018,350,19184,35,Excellent,118725
Honda,Shine,2018,200,76216,40,Good,57667
Suzuki,Access 125,2023,100,52006,45,Fair,48106
KTM,Duke 200,2019,350,10774,35,Excellent,90595
Royal Enfield,Bullet 500,2019,100,70127,55,Excellent,61461
Royal Enfield,Bullet 500,2016,100,30311,55,Excellent,106692
Yamaha,FZ-S,2023,200,28922,40,Fair,62888
Honda,Activa 125,2016,100,70060,50,Excellent,63422
Suzuki,Access 125,2023,500,37540,65,Excellent,267026
Honda,Shine,2022,200,34790,40,Good,55483
Suzuki,Access 125,2017,200,67240,55,Good,31062
Honda,CBR 150,2016,250,25550,40,Fair,33963
Honda,CBR 150,2018,200,47299,60,Fair,85649
Yamaha,R15,2019,500,24368,45,Fair,147024
Royal Enfield,Classic 350,2018,200,11307,65,Good,137929
Honda,Activa 125,2018,150,37676,55,Fair,54362
Bajaj,Avenger 220,2022,200,19025,35,Fair,21798
Royal Enfield,Classic 350,2022,250,68545,50,Excellent,69300
Honda,Shine,2022,250,23478,55,Good,62538
Royal Enfield,Classic 350,2022,500,44357,55,Excellent,163451
Yamaha,R15,2020,250,40718,55,Fair,83562
Royal Enfield,Bullet 500,2015,250,36219,35,Fair,55305
Suzuki,Intruder,2019,100,69942,60,Good,29909
Yamaha,FZ-S,2020,125,11618,50,Good,132158
Royal Enfield,Bullet 500,2017,200,6760,50,Good,126797
Bajaj,Pulsar 220,2023,125,17883,40,Fair,62673
KTM,RC 390,2022,150,73481,50,Good,50345
Honda,CBR 150,2017,150,36020,50,Good,76720
Royal Enfield,Bullet 500,2020,250,68118,40,Excellent,56795
Yamaha,R15,2015,200,10305,35,Excellent,99278
Royal Enfield,Classic 350,2022,100,11913,55,Good,96871
Honda,Activa 125,2023,100,15675,55,Good,100064
Royal Enfield,Meteor 350,2018,350,8260,45,Good,45999
Suzuki,Gixxer,2018,500,76353,55,Fair,51319
KTM,Adventure 250,2019,500,53624,65,Fair,141525
Honda,Activa 125,2020,125,44613,45,Good,26129
KTM,Duke 200,2019,150,28310,50,Excellent,132056
Honda,CBR 150,2022,150,47271,35,Good,66328
Bajaj,Avenger 220,2015,250,77125,55,Good,60876
KTM,Duke 200,2015,100,20742,40,Good,19219
KTM,Adventure 250,2019,200,5830,50,Excellent,58115
Royal Enfield,Classic 350,2019,200,40693,50,Excellent,120504
Honda,CBR 150,2016,200,78075,65,Good,53633
Bajaj,Avenger 220,2018,150,40959,55,Good,73164
Royal Enfield,Classic 350,2015,250,45550,40,Excellent,70355
Yamaha,R15,2015,250,25824,35,Good,88036
KTM,RC 390,2017,100,23262,65,Fair,57568
Honda,Shine,2021,125,66380,35,Excellent,24178
Yamaha,R15,2018,150,75699,50,Excellent,57765
Suzuki,Intruder,2020,125,17384,65,Fair,120508
Honda,CBR 150,2021,100,14499,35,Fair,41934
Royal Enfield,Classic 350,2015,250,62216,65,Good,51019
Honda,CBR 150,2023,200,76987,35,Excellent,76219
Suzuki,Gixxer,2016,150,11835,60,Good,79608
KTM,Adventure 250,2018,250,41773,50,Fair,91344
KTM,RC 390,2022,150,20941,35,Good,40408
Honda,CBR 150,2016,100,19418,65,Good,55097
KTM,RC 390,2017,100,59426,55,Fair,35191
Bajaj,Pulsar 220,2022,350,23833,65,Excellent,173289
Suzuki,Access 125,2019,350,21398,45,Excellent,182168
Yamaha,FZ-S,2018,125,55213,45,Fair,54194
Bajaj,Avenger 220,2017,200,49526,40,Excellent,72162
Honda,Shine,2023,350,49426,40,Excellent,44911
Honda,Activa 125,2017,350,26375,50,Excellent,70281
Bajaj,Avenger 220,2018,250,6960,55,Fair,128039
KTM,RC 390,2021,150,34230,65,Excellent,91199
Royal Enfield,Bullet 500,2018,100,75599,35,Excellent,28882
Yamaha,Fascino,2020,150,62803,50,Good,85126
Suzuki,Access 125,2017,500,37833,55,Good,87057
Suzuki,Intruder,2019,350,9081,45,Excellent,133937
Honda,CBR 150,2020,100,19271,50,Excellent,39587
Honda,Shine,2016,100,19999,45,Fair,70274
Royal Enfield,Bullet 500,2022,150,40341,40,Good,102853
Yamaha,R15,2023,250,76964,35,Fair,48555
Royal Enfield,Meteor 350,2023,150,49878,55,Fair,88931
Honda,Activa 125,2021,350,28437,60,Good,158718
Honda,Activa 125,2021,500,73289,55,Fair,95041
Suzuki,Access 125,2016,200,35009,40,Excellent,54908
KTM,Duke 200,2018,125,57265,45,Fair,59951
Suzuki,Gixxer,2019,500,62605,65,Excellent,97327
Suzuki,Access 125,2020,100,73064,65,Fair,66774
Royal Enfield,Bullet 500,2015,500,56200,40,Good,37339
Bajaj,Platina 100,2022,500,76129,40,Good,54799
Honda,CBR 150,2018,150,14224,55,Fair,86344
Honda,Activa 125,2016,150,53161,60,Fair,20557
Royal Enfield,Meteor 350,2017,200,59810,45,Good,62685
KTM,Adventure 250,2021,350,9237,55,Fair,126329
Bajaj,Platina 100,2015,125,32936,55,Good,46680
KTM,Adventure 250,2015,500,74975,55,Fair,33052
Honda,Activa 125,2016,100,43004,50,Good,76448
KTM,Duke 200,2016,500,26490,35,Excellent,78590
Bajaj,Avenger 220,2020,200,34805,50,Excellent,95919
Yamaha,R15,2021,125,58633,35,Fair,44122
KTM,Duke 200,2017,150,48240,40,Good,70534
Bajaj,Pulsar 220,2019,125,69247,55,Good,50975
Honda,Shine,2015,150,38669,65,Excellent,45860
KTM,Duke 200,2018,100,8933,60,Fair,78671
KTM,Adventure 250,2023,100,14680,55,Excellent,49782
Royal Enfield,Classic 350,2020,250,24733,65,Good,116751
Suzuki,Gixxer,2022,150,59020,35,Excellent,72415
Honda,Activa 125,2015,350,28064,40,Fair,52458
Royal Enfield,Meteor 350,2016,125,73637,50,Fair,10451
Yamaha,FZ-S,2019,250,46236,50,Excellent,132945
KTM,Adventure 250,2020,125,12919,35,Fair,18028
Suzuki,Gixxer,2018,500,6637,50,Excellent,162066
Honda,Shine,2022,100,77057,60,Excellent,80713
Honda,Activa 125,2018,100,64790,60,Fair,23584
Royal Enfield,Bullet 500,2019,250,73818,40,Fair,49414
KTM,RC 390,2016,125,64701,35,Excellent,33013
Royal Enfield,Bullet 500,2016,250,36716,40,Excellent,101890
Honda,Activa 125,2019,200,18339,65,Good,80822
Bajaj,Platina 100,2020,125,55456,60,Fair,67955
Suzuki,Gixxer,2022,500,44746,50,Fair,77205
Yamaha,Fascino,2022,250,68507,55,Excellent,40413
Yamaha,R15,2021,500,56879,50,Excellent,137351
KTM,RC 390,2019,500,13575,40,Fair,132927
KTM,Adventure 250,2022,250,11572,45,Excellent,143075
Royal Enfield,Bullet 500,2019,100,72376,45,Fair,14021
Bajaj,Platina 100,2016,350,42499,45,Fair,36455
Honda,CBR 150,2016,125,78671,50,Excellent,29297
Royal Enfield,Classic 350,2020,250,55831,60,Fair,60228
Suzuki,Gixxer,2017,500,51606,65,Excellent,180810
KTM,Duke 200,2018,125,20556,55,Excellent,132832
Yamaha,FZ-S,2016,500,24258,65,Good,42465
Suzuki,Access 125,2022,350,43879,65,Excellent,68144
Suzuki,Access 125,2021,350,20485,40,Fair,43630
Suzuki,Access 125,2018,200,46622,60,Fair,25903
Honda,Activa 125,2016,200,7812,50,Excellent,134973
Royal Enfield,Bullet 500,2019,100,54752,60,Good,75891
Honda,Shine,2018,100,10253,35,Excellent,77530
Honda,Activa 125,2015,250,36807,65,Fair,37448
Suzuki,Access 125,2019,150,60079,45,Fair,26194
Bajaj,Avenger 220,2015,250,52946,60,Fair,73661
KTM,Adventure 250,2017,150,67908,40,Fair,15106
KTM,Duke 200,2017,200,54655,50,Fair,41401
Bajaj,Avenger 220,2018,150,40099,65,Excellent,46084
Bajaj,Avenger 220,2017,150,48622,65,Good,54166
Honda,Shine,2022,150,70943,45,Excellent,63531
Bajaj,Pulsar 220,2023,250,23269,65,Excellent,112889
Yamaha,FZ-S,2018,500,72965,60,Excellent,35296
KTM,Adventure 250,2018,350,42337,45,Fair,89802
Suzuki,Intruder,2022,500,33110,55,Fair,122377
Suzuki,Gixxer,2017,150,62996,35,Good,48908
Bajaj,Pulsar 220,2017,125,33186,50,Excellent,49531
KTM,Adventure 250,2017,150,10496,50,Good,26742
KTM,RC 390,2018,200,57165,55,Fair,25352
Yamaha,Fascino,2023,500,9237,60,Fair,160358
Honda,CBR 150,2019,250,18924,35,Fair,96283
KTM,RC 390,2021,350,44918,45,Excellent,118757
Yamaha,FZ-S,2015,250,67912,65,Good,53708
Suzuki,Intruder,2020,250,69055,50,Good,23228
KTM,RC 390,2015,100,15988,40,Good,64363
Yamaha,FZ-S,2019,125,28558,55,Good,117503
Yamaha,FZ-S,2015,150,76566,55,Fair,45888
Yamaha,FZ-S,2020,500,59208,35,Fair,29928
Bajaj,Pulsar 220,2022,125,18047,50,Good,107384
Yamaha,Fascino,2019,100,8665,50,Good,120193
Yamaha,FZ-S,2015,150,19024,65,Good,52545
KTM,Adventure 250,2015,200,24676,35,Good,71844
Yamaha,Fascino,2020,500,19547,45,Fair,148382
Honda,CBR 150,2019,200,50161,60,Excellent,85940
Suzuki,Gixxer,2022,350,8542,60,Excellent,113530
Suzuki,Access 125,2022,500,25710,40,Fair,119013
Suzuki,Gixxer,2015,250,42767,50,Fair,52623
Bajaj,Pulsar 220,2017,125,68767,35,Fair,22166
Yamaha,FZ-S,2022,250,39851,60,Fair,31050
Royal Enfield,Bullet 500,2020,100,75514,50,Excellent,17503
Yamaha,R15,2015,500,77133,40,Excellent,41705
Yamaha,R15,2017,350,46535,40,Excellent,57236
Royal Enfield,Bullet 500,2016,100,10536,50,Excellent,94392
Suzuki,Gixxer,2021,100,46921,45,Good,48456
Yamaha,FZ-S,2022,150,51684,60,Fair,93411
Bajaj,Avenger 220,2015,125,33254,45,Good,22220
Yamaha,FZ-S,2016,125,62131,55,Fair,57121
Bajaj,Pulsar 220,2017,500,6307,65,Excellent,78173
KTM,Duke 200,2016,200,63223,60,Excellent,59691
Royal Enfield,Meteor 350,2021,500,58780,40,Excellent,84481
Suzuki,Access 125,2021,500,19140,40,Fair,39208
Honda,Activa 125,2016,350,72654,65,Fair,74565
Honda,Shine,2015,250,10733,50,Excellent,86115
KTM,Duke 200,2020,150,7390,60,Fair,95106
Yamaha,FZ-S,2016,200,55156,50,Good,33363
Bajaj,Avenger 220,2023,500,19069,55,Excellent,97813
Royal Enfield,Meteor 350,2020,350,12908,50,Excellent,202753
Honda,Activa 125,2021,200,65379,45,Good,34406
Yamaha,R15,2021,500,22986,65,Good,250456
Honda,Shine,2022,150,35200,40,Fair,43509
Bajaj,Platina 100,2022,350,15062,45,Good,122916
Royal Enfield,Classic 350,2020,250,54951,60,Fair,32686
Royal Enfield,Classic 350,2023,125,29304,60,Fair,105578
Bajaj,Platina 100,2023,250,77464,40,Good,69552
Yamaha,FZ-S,2023,500,79365,35,Fair,38813
Suzuki,Intruder,2017,100,16711,35,Excellent,61740
Yamaha,R15,2020,200,62436,40,Excellent,102696
Bajaj,Platina 100,2019,150,34083,45,Fair,18198
Yamaha,R15,2016,250,9230,55,Fair,111378
Honda,CBR 150,2022,250,69818,55,Excellent,126216
Bajaj,Pulsar 220,2019,350,67395,60,Excellent,88369
Bajaj,Platina 100,2023,350,42328,45,Good,119676
Yamaha,Fascino,2022,200,10666,55,Fair,93052
KTM,Adventure 250,2019,250,8311,45,Good,128816
KTM,RC 390,2018,200,62350,55,Excellent,72124
KTM,Adventure 250,2016,150,35107,50,Good,36191
Bajaj,Platina 100,2019,500,54319,60,Good,147533
Honda,Shine,2022,250,52788,65,Good,98821
Bajaj,Platina 100,2023,150,21452,35,Good,64153
Honda,CBR 150,2017,500,11033,40,Good,104097
Suzuki,Intruder,2016,250,37178,65,Excellent,56136
Honda,Activa 125,2019,250,67968,35,Excellent,58028
Bajaj,Pulsar 220,2022,100,64234,65,Excellent,114709
Bajaj,Pulsar 220,2015,500,15807,55,Excellent,100552
Royal Enfield,Classic 350,2016,150,25607,35,Excellent,28033
Yamaha,R15,2022,350,40534,45,Good,101278
Royal Enfield,Classic 350,2018,500,37262,40,Good,108441
Royal Enfield,Meteor 350,2023,250,14058,50,Fair,126377
Yamaha,Fascino,2023,125,15132,40,Excellent,116246
Bajaj,Avenger 220,2015,150,20086,60,Good,105339
Suzuki,Access 125,2022,500,58408,45,Excellent,136508
Bajaj,Pulsar 220,2015,150,40698,40,Excellent,79609
Suzuki,Access 125,2019,200,50218,55,Excellent,89452
Honda,Shine,2019,150,51917,35,Good,33262
Yamaha,R15,2020,500,64024,45,Excellent,149448
Yamaha,Fascino,2016,100,18612,50,Fair,38667
Honda,CBR 150,2021,100,18482,50,Good,26381
Suzuki,Intruder,2022,250,23697,60,Good,181135
Royal Enfield,Classic 350,2018,150,54522,35,Fair,46945
Suzuki,Intruder,2022,150,18347,35,Excellent,114088
Honda,Shine,2018,200,78944,55,Excellent,57386
Yamaha,Fascino,2020,150,30321,55,Excellent,90909
Yamaha,FZ-S,2022,100,26607,65,Excellent,142677
Suzuki,Access 125,2017,125,57231,65,Excellent,31918
Honda,Shine,2022,200,45914,55,Good,27763
Royal Enfield,Bullet 500,2019,100,52096,55,Good,61970
Royal Enfield,Meteor 350,2016,250,60429,35,Good,42868
Royal Enfield,Bullet 500,2017,200,39293,40,Excellent,88721
Honda,Shine,2015,350,41846,50,Fair,20949
Suzuki,Gixxer,2021,250,39234,45,Fair,72601
KTM,RC 390,2020,200,13118,40,Fair,63868
Royal Enfield,Bullet 500,2020,150,7306,40,Excellent,108407
Yamaha,R15,2020,200,44388,60,Fair,38147
Honda,Activa 125,2020,350,36127,40,Good,84837
Suzuki,Gixxer,2018,200,74466,60,Excellent,61865
Royal Enfield,Classic 350,2021,350,79891,35,Fair,67782
KTM,RC 390,2018,350,19826,45,Fair,82598
KTM,Duke 200,2018,125,43047,65,Fair,84923
Bajaj,Pulsar 220,2021,150,38454,60,Fair,78130
Royal Enfield,Bullet 500,2022,250,46724,55,Good,59227
Bajaj,Avenger 220,2021,250,54485,35,Excellent,81595
Suzuki,Access 125,2017,150,12612,40,Good,81309
KTM,RC 390,2018,500,6045,35,Fair,92366
KTM,Adventure 250,2017,150,56513,60,Good,61285
Bajaj,Avenger 220,2015,125,76018,60,Fair,36467
KTM,RC 390,2018,500,8458,45,Fair,106685
KTM,Duke 200,2020,500,45385,50,Fair,106800
Honda,Shine,2023,500,25606,60,Fair,157596
Yamaha,FZ-S,2016,250,60440,40,Fair,17935
Suzuki,Intruder,2023,150,51906,50,Excellent,103924
KTM,RC 390,2019,125,75274,50,Fair,43788
Yamaha,FZ-S,2019,250,44442,40,Good,44846
Bajaj,Avenger 220,2017,500,30451,40,Good,133572
Bajaj,Pulsar 220,2019,200,17081,45,Fair,29165
KTM,Adventure 250,2023,100,22847,50,Good,110920
Bajaj,Platina 100,2017,350,69624,65,Good,80613
Honda,Activa 125,2018,350,61136,55,Fair,22998
Bajaj,Pulsar 220,2021,500,6807,40,Good,90540
Bajaj,Avenger 220,2018,150,22111,65,Good,29807
Suzuki,Access 125,2023,350,71827,50,Fair,92680
Bajaj,Pulsar 220,2023,250,42112,65,Good,104174
Bajaj,Platina 100,2018,500,67247,50,Good,54479
Suzuki,Access 125,2023,150,5453,40,Good,97723
KTM,Duke 200,2017,100,26061,40,Fair,28325
Suzuki,Access 125,2017,500,49312,55,Good,77527
KTM,RC 390,2023,200,11806,35,Excellent,126034
Royal Enfield,Bullet 500,2017,350,39641,40,Excellent,33231
Royal Enfield,Classic 350,2022,250,27993,60,Good,169920
Honda,Activa 125,2023,250,74713,55,Excellent,28904
Yamaha,Fascino,2021,500,72401,45,Fair,86676
Bajaj,Avenger 220,2022,200,61551,45,Excellent,56910
Suzuki,Gixxer,2018,350,62605,40,Good,89735
Yamaha,Fascino,2022,100,20347,55,Fair,28305
Royal Enfield,Classic 350,2016,100,66478,55,Excellent,72488
Bajaj,Pulsar 220,2018,500,11656,50,Fair,147091
Honda,Shine,2015,350,27321,50,Fair,85822
Yamaha,Fascino,2022,150,58461,50,Good,42884
Suzuki,Gixxer,2017,500,30630,65,Good,100005
Suzuki,Intruder,2023,200,6879,40,Excellent,132998
Royal Enfield,Meteor 350,2018,350,17414,55,Excellent,97654
Yamaha,R15,2017,150,35205,60,Fair,35448
Honda,Activa 125,2021,200,45188,65,Excellent,52927
Suzuki,Access 125,2017,350,79628,60,Good,35318
Suzuki,Access 125,2016,250,7469,35,Fair,76521
Royal Enfield,Meteor 350,2020,125,14808,55,Fair,47480
Bajaj,Avenger 220,2019,500,6669,40,Good,178682
Yamaha,FZ-S,2017,150,19312,40,Fair,29984
Honda,Activa 125,2022,100,72952,55,Excellent,31093
Honda,Activa 125,2019,200,53558,55,Good,62441
Suzuki,Intruder,2022,500,25231,50,Fair,183620
Royal Enfield,Classic 350,2022,350,7208,65,Fair,104387
Suzuki,Access 125,2020,100,31738,65,Good,60624
Yamaha,R15,2023,150,45647,40,Good,63452
Honda,CBR 150,2015,200,32176,35,Excellent,50062
KTM,Duke 200,2021,100,45746,50,Excellent,45532
Royal Enfield,Bullet 500,2023,100,70573,35,Excellent,79373
Bajaj,Avenger 220,2015,250,45423,60,Fair,68066
Bajaj,Platina 100,2015,250,68117,50,Excellent,37073
Suzuki,Access 125,2023,100,40309,50,Fair,31452
Honda,CBR 150,2018,350,10642,55,Excellent,107140
KTM,Duke 200,2016,150,73354,40,Good,18404
Yamaha,Fascino,2023,125,79375,45,Excellent,18223
Royal Enfield,Bullet 500,2022,125,71605,40,Excellent,33414
KTM,Adventure 250,2021,100,45218,65,Excellent,36507
Yamaha,R15,2015,100,71447,65,Excellent,23473
Yamaha,FZ-S,2015,125,43383,50,Good,57403
Honda,Shine,2016,125,39862,45,Good,31142
Suzuki,Gixxer,2018,200,23763,50,Fair,98433
Yamaha,Fascino,2016,250,38784,40,Excellent,51725
Royal Enfield,Classic 350,2017,200,71854,65,Good,59231
Royal Enfield,Classic 350,2022,125,60528,50,Good,23635
KTM,RC 390,2021,100,51154,50,Excellent,45297
KTM,RC 390,2019,500,42510,35,Good,130025
Royal Enfield,Classic 350,2017,125,13452,40,Excellent,28484
Yamaha,FZ-S,2020,100,77784,55,Fair,27742
KTM,Duke 200,2019,100,36730,40,Excellent,56094
Honda,Shine,2021,200,31614,65,Good,129505
Yamaha,Fascino,2019,200,6288,45,Fair,28443
Bajaj,Avenger 220,2015,200,13178,55,Excellent,129065
KTM,Duke 200,2018,250,52802,40,Excellent,93009
Bajaj,Platina 100,2023,250,56305,45,Fair,84042
Suzuki,Gixxer,2023,200,18500,35,Fair,57479
Yamaha,Fascino,2023,100,72086,45,Good,71029
Royal Enfield,Classic 350,2018,500,56302,40,Fair,67891
Suzuki,Access 125,2021,200,33564,40,Excellent,78647
Bajaj,Platina 100,2021,150,6543,35,Excellent,35576
KTM,Adventure 250,2021,350,32187,35,Excellent,124540
Honda,CBR 150,2017,200,19813,65,Good,38210
Yamaha,R15,2022,150,66567,50,Excellent,35358
Yamaha,FZ-S,2015,500,16271,65,Good,56405
Honda,Shine,2017,250,21206,65,Fair,115047
Royal Enfield,Classic 350,2018,350,12148,45,Fair,113139
Yamaha,Fascino,2018,125,22328,65,Fair,45459
Royal Enfield,Meteor 350,2021,500,51075,65,Fair,137203
Bajaj,Pulsar 220,2021,200,65996,40,Good,62523
Royal Enfield,Bullet 500,2016,150,46122,35,Excellent,71661
Yamaha,FZ-S,2020,100,13312,35,Fair,23365
Royal Enfield,Bullet 500,2016,150,65134,55,Fair,41630
KTM,Adventure 250,2017,200,20281,60,Good,72623
KTM,RC 390,2022,150,35811,45,Good,36995
Yamaha,R15,2022,100,76408,60,Good,26923
Bajaj,Platina 100,2016,500,55989,40,Excellent,36122
Yamaha,Fascino,2015,250,12931,60,Fair,72128
Royal Enfield,Meteor 350,2019,500,15396,65,Fair,87751
Suzuki,Access 125,2022,500,63566,50,Good,145029
Yamaha,FZ-S,2019,500,32191,55,Fair,72334
Suzuki,Intruder,2015,250,64862,40,Fair,16620
KTM,Adventure 250,2016,150,14618,55,Fair,85103
Royal Enfield,Classic 350,2020,150,78153,55,Good,25749
Suzuki,Intruder,2015,150,34824,65,Good,55369
Suzuki,Gixxer,2017,200,52852,40,Good,27944
Yamaha,R15,2021,125,13331,60,Good,83753
Honda,Shine,2019,250,24111,45,Good,127061
Bajaj,Platina 100,2019,125,39304,45,Fair,23708
KTM,Duke 200,2017,100,19770,55,Fair,57839
KTM,Adventure 250,2015,350,41714,50,Fair,28382
Bajaj,Platina 100,2015,250,13956,60,Fair,87993
KTM,Adventure 250,2017,200,76377,35,Fair,44416
Honda,Shine,2018,150,55509,40,Good,64221
Royal Enfield,Classic 350,2023,125,38674,40,Excellent,43650
Yamaha,R15,2023,250,62704,50,Fair,89328
Suzuki,Gixxer,2015,500,65621,40,Fair,24485
Yamaha,Fascino,2023,200,54453,55,Excellent,102681
Yamaha,Fascino,2017,200,73575,55,Fair,33215
Bajaj,Avenger 220,2016,250,13697,65,Good,46638
Honda,CBR 150,2016,150,36051,60,Good,85952
Suzuki,Gixxer,2018,200,27410,45,Good,67163
KTM,Adventure 250,2018,150,53372,45,Fair,62759
Suzuki,Access 125,2023,100,51358,45,Good,50887
Suzuki,Intruder,2015,125,16533,50,Excellent,59185
Suzuki,Intruder,2016,100,37017,65,Excellent,78347
Bajaj,Platina 100,2021,250,66913,50,Good,85000
Honda,CBR 150,2017,500,16083,60,Good,162535
KTM,RC 390,2020,100,26903,35,Fair,33730
KTM,Duke 200,2017,200,53129,45,Good,72545
Yamaha,R15,2021,100,51708,40,Good,58441
Suzuki,Gixxer,2021,200,48405,60,Good,33770
Honda,Shine,2016,350,78586,60,Excellent,49819
Yamaha,FZ-S,2023,100,37598,65,Good,129465
Yamaha,Fascino,2019,100,53598,65,Good,93989
Yamaha,FZ-S,2015,250,6108,50,Excellent,112076
KTM,RC 390,2016,150,46142,50,Fair,54846
Yamaha,Fascino,2022,350,55903,60,Good,33690
KTM,Duke 200,2021,350,76365,40,Fair,54273
Yamaha,Fascino,2015,250,42313,65,Fair,20850
Suzuki,Intruder,2015,250,61766,65,Excellent,52816
Royal Enfield,Meteor 350,2021,250,68466,45,Good,49404
KTM,Duke 200,2016,100,79242,65,Excellent,71087
Bajaj,Pulsar 220,2020,250,22578,45,Good,58729
Yamaha,R15,2017,350,5293,60,Fair,47324
Royal Enfield,Meteor 350,2018,250,72102,45,Fair,52716
Bajaj,Pulsar 220,2022,100,55064,55,Excellent,82119
Royal Enfield,Classic 350,2015,500,15984,65,Excellent,130340
Suzuki,Intruder,2016,100,74285,65,Good,17759
Honda,CBR 150,2021,100,18508,35,Excellent,45886
Royal Enfield,Meteor 350,2016,200,71053,40,Good,48948
Suzuki,Intruder,2020,200,66817,55,Fair,56585
Bajaj,Platina 100,2016,250,7731,50,Good,64882
Suzuki,Access 125,2022,200,26048,40,Fair,102366
Yamaha,Fascino,2022,100,70385,50,Good,20164
Yamaha,Fascino,2016,250,22815,40,Excellent,62179
Honda,CBR 150,2019,250,68636,55,Excellent,76694
Honda,CBR 150,2023,100,56507,40,Excellent,96731
Suzuki,Gixxer,2015,125,32081,60,Good,85434
Yamaha,FZ-S,2023,350,31687,45,Excellent,194753
Yamaha,FZ-S,2022,250,8364,40,Fair,92324
Honda,Activa 125,2017,125,43410,45,Fair,37407
Suzuki,Access 125,2021,500,62460,50,Good,57165
Royal Enfield,Bullet 500,2023,250,11519,60,Good,86493
KTM,RC 390,2015,125,77260,55,Good,26310
Honda,Shine,2023,125,21951,45,Good,28145
Suzuki,Access 125,2023,100,30461,55,Excellent,99105
KTM,Adventure 250,2018,100,17930,40,Excellent,33112
Yamaha,FZ-S,2019,350,35881,40,Fair,68849
Yamaha,FZ-S,2019,250,44851,60,Excellent,63499
Honda,Shine,2019,350,75682,35,Excellent,28988
Bajaj,Platina 100,2023,100,19689,55,Good,133327
Suzuki,Access 125,2021,200,26124,40,Fair,73133
Bajaj,Avenger 220,2016,350,21720,55,Fair,32678
Royal Enfield,Classic 350,2015,500,5336,35,Excellent,141791
KTM,Adventure 250,2019,350,38194,65,Good,139694
Honda,Activa 125,2021,100,52200,50,Good,93668
Yamaha,R15,2020,350,54128,60,Good,126614
Bajaj,Pulsar 220,2016,125,15624,35,Excellent,33269
Honda,CBR 150,2017,150,16202,45,Good,97669
Honda,Shine,2020,350,49507,40,Excellent,139760
Yamaha,FZ-S,2015,350,36830,45,Good,44734
Bajaj,Pulsar 220,2020,350,49309,40,Excellent,65967
Bajaj,Pulsar 220,2021,500,22583,55,Good,83610
Honda,CBR 150,2020,100,16305,50,Good,43677
Bajaj,Avenger 220,2015,150,61363,35,Fair,35870
Bajaj,Pulsar 220,2023,200,69708,55,Good,75172
Yamaha,FZ-S,2023,125,38025,60,Excellent,84335
Yamaha,FZ-S,2023,200,74762,40,Fair,32174
Yamaha,FZ-S,2016,350,59379,45,Fair,51069
Honda,Shine,2019,350,24096,45,Good,57169
Bajaj,Pulsar 220,2022,350,75591,40,Good,81190
Yamaha,Fascino,2015,500,35406,50,Fair,30063
KTM,RC 390,2020,350,68873,55,Excellent,102465
Bajaj,Platina 100,2018,250,76738,50,Fair,30766
Honda,Shine,2017,250,49665,60,Good,49610
Suzuki,Gixxer,2023,150,28838,50,Fair,102340
Royal Enfield,Meteor 350,2018,150,10144,55,Fair,63343
Royal Enfield,Meteor 350,2019,125,64501,55,Excellent,93028
Yamaha,R15,2021,250,49479,55,Fair,75794
Yamaha,R15,2016,350,20372,65,Fair,124282
Honda,Activa 125,2018,100,57703,40,Fair,28260
Suzuki,Gixxer,2018,350,47415,60,Fair,88811
Suzuki,Access 125,2021,125,28148,50,Excellent,144368
Yamaha,FZ-S,2021,500,36805,60,Good,67718
Royal Enfield,Classic 350,2019,350,69448,55,Excellent,68620
Suzuki,Gixxer,2015,125,72948,35,Fair,18750
Honda,CBR 150,2020,100,44920,60,Fair,57161
Suzuki,Intruder,2018,100,57842,60,Fair,64941
Honda,CBR 150,2019,150,65234,40,Fair,13644
Royal Enfield,Classic 350,2016,250,69163,40,Excellent,51898
Honda,Shine,2020,100,14610,60,Excellent,39203
KTM,RC 390,2020,200,59676,50,Excellent,60120
KTM,RC 390,2021,200,66838,35,Fair,17382
Bajaj,Avenger 220,2017,150,71555,50,Excellent,72671
Suzuki,Intruder,2023,200,62469,45,Good,24634
Bajaj,Pulsar 220,2020,500,17761,50,Excellent,134524
Royal Enfield,Classic 350,2021,500,35461,35,Excellent,115770
KTM,RC 390,2019,350,65148,40,Good,76244
Yamaha,R15,2018,500,75292,65,Excellent,57460
KTM,RC 390,2015,150,17403,40,Excellent,28064
Yamaha,Fascino,2020,200,66844,60,Excellent,57630
Yamaha,R15,2017,200,54155,65,Good,87918
Royal Enfield,Bullet 500,2018,200,7687,65,Good,66786
Royal Enfield,Classic 350,2017,350,62839,50,Good,65884
Suzuki,Intruder,2019,250,7438,40,Excellent,168629
Honda,CBR 150,2017,150,44830,65,Excellent,57257
KTM,Duke 200,2022,125,24097,60,Fair,74158
Yamaha,Fascino,2015,125,78764,65,Good,63077
Honda,CBR 150,2018,350,78966,45,Fair,44683
Royal Enfield,Meteor 350,2019,500,36055,60,Excellent,212101
Suzuki,Intruder,2023,200,43683,40,Fair,63380
Royal Enfield,Meteor 350,2020,150,72698,45,Fair,21008
Suzuki,Gixxer,2019,250,77892,40,Fair,15661
Yamaha,R15,2023,500,67558,40,Good,113711
Suzuki,Access 125,2016,250,50237,60,Fair,57484
Yamaha,FZ-S,2022,250,19334,45,Excellent,161844
Yamaha,FZ-S,2020,200,67950,40,Excellent,55203
Bajaj,Pulsar 220,2019,250,51908,60,Fair,75803
KTM,RC 390,2018,100,37099,35,Good,48367
Honda,CBR 150,2021,200,66817,35,Excellent,55073
Honda,CBR 150,2021,350,17364,45,Good,122668
Royal Enfield,Classic 350,2019,150,34904,40,Excellent,27148
Royal Enfield,Classic 350,2019,350,78420,55,Fair,71140
KTM,RC 390,2015,125,11563,50,Fair,46595
Honda,Activa 125,2015,250,32231,40,Good,80057
Bajaj,Pulsar 220,2020,250,6852,50,Good,62223
KTM,Duke 200,2021,150,24627,50,Good,93461
Bajaj,Pulsar 220,2023,100,43816,55,Good,55827
Royal Enfield,Bullet 500,2023,150,14250,35,Excellent,106049
Bajaj,Avenger 220,2015,100,14731,35,Good,46954
Bajaj,Pulsar 220,2021,500,30584,65,Fair,104770
Suzuki,Gixxer,2021,125,17381,60,Good,76643
Yamaha,Fascino,2015,500,23076,40,Good,44235
Royal Enfield,Bullet 500,2023,350,41840,45,Good,36123
Suzuki,Intruder,2020,250,67740,65,Excellent,69714
Royal Enfield,Classic 350,2017,250,27695,50,Good,88003
Bajaj,Platina 100,2021,150,6991,65,Good,179949
Suzuki,Intruder,2021,100,73063,55,Fair,36312
Suzuki,Gixxer,2023,125,40612,55,Good,124331
KTM,Adventure 250,2021,200,21300,60,Fair,81358
Suzuki,Gixxer,2020,100,18054,45,Fair,79052
KTM,Adventure 250,2020,200,74302,40,Fair,12922
Honda,Activa 125,2019,500,70352,35,Good,95804
KTM,Adventure 250,2021,150,16147,55,Excellent,87698
Yamaha,R15,2019,125,65538,55,Excellent,75432
Bajaj,Avenger 220,2018,100,48506,50,Fair,18010
Suzuki,Intruder,2021,125,78430,65,Good,53627
Yamaha,Fascino,2017,500,74240,65,Fair,34349
Royal Enfield,Bullet 500,2022,350,28407,45,Excellent,129838
Bajaj,Pulsar 220,2021,250,20585,35,Excellent,81249
Yamaha,FZ-S,2023,150,20152,35,Good,78295
Royal Enfield,Bullet 500,2020,500,16317,65,Good,272595
Honda,Shine,2021,250,68358,65,Good,109912
Bajaj,Platina 100,2015,350,45207,35,Good,82458
Royal Enfield,Bullet 500,2019,250,48703,35,Good,51148
Honda,Shine,2021,125,53176,50,Excellent,75720
Yamaha,FZ-S,2019,100,78905,35,Excellent,19447
KTM,RC 390,2020,125,65416,40,Excellent,43642
Yamaha,Fascino,2023,250,22406,45,Excellent,152397
Bajaj,Pulsar 220,2023,350,13373,55,Good,67947
Royal Enfield,Classic 350,2019,150,40060,60,Excellent,49428
Bajaj,Pulsar 220,2021,500,27557,45,Good,179360
KTM,RC 390,2018,100,45907,55,Excellent,85335
Yamaha,Fascino,2023,100,68685,55,Good,55067
Honda,Activa 125,2015,200,49779,40,Excellent,23838
Yamaha,FZ-S,2015,125,55725,35,Good,32559
KTM,Duke 200,2016,500,55362,55,Good,46965
Bajaj,Pulsar 220,2021,125,47248,60,Fair,50215
Bajaj,Pulsar 220,2017,350,48513,40,Fair,59674
Bajaj,Avenger 220,2018,200,17756,35,Good,93989
Royal Enfield,Classic 350,2018,250,39364,60,Fair,79978
KTM,Adventure 250,2022,150,45716,40,Good,86908
KTM,RC 390,2018,100,18580,50,Good,79715
KTM,Adventure 250,2015,500,52798,35,Good,42082
Yamaha,Fascino,2022,250,37625,55,Good,128591
Royal Enfield,Bullet 500,2016,250,52299,40,Excellent,63132
Royal Enfield,Classic 350,2023,500,28723,50,Good,134509
Bajaj,Avenger 220,2019,250,62101,40,Fair,59562
KTM,Adventure 250,2020,250,46414,40,Fair,82349
Royal Enfield,Bullet 500,2020,200,29676,50,Fair,23623
Royal Enfield,Classic 350,2021,250,11668,50,Good,86728
Suzuki,Intruder,2015,500,57340,40,Excellent,59129
Honda,Shine,2020,500,48828,45,Good,88573
Bajaj,Platina 100,2022,150,73377,55,Excellent,59241
Royal Enfield,Classic 350,2022,500,53775,50,Good,144994
Suzuki,Access 125,2023,250,12045,55,Fair,105917
Yamaha,Fascino,2020,150,10145,60,Fair,46119
Yamaha,Fascino,2022,150,56856,65,Fair,29435
Bajaj,Pulsar 220,2020,250,27758,50,Excellent,86958
Royal Enfield,Bullet 500,2019,250,70849,60,Fair,76087
Royal Enfield,Classic 350,2022,250,19089,45,Good,92751
Suzuki,Intruder,2020,125,69397,45,Good,71378
KTM,Adventure 250,2016,200,19912,50,Fair,38455
Suzuki,Access 125,2020,200,63183,45,Fair,34877
Suzuki,Gixxer,2023,500,20539,60,Excellent,201676
Yamaha,R15,2023,500,45688,50,Fair,103447
Yamaha,R15,2015,250,11261,45,Excellent,49510
Yamaha,FZ-S,2020,100,17313,40,Good,93361
Bajaj,Platina 100,2021,500,14411,45,Excellent,219999
Bajaj,Pulsar 220,2022,200,37687,50,Fair,94238
Bajaj,Avenger 220,2018,150,32893,50,Excellent,46324
Bajaj,Pulsar 220,2021,150,24371,35,Good,44741
KTM,Adventure 250,2016,500,73866,65,Fair,99794
Royal Enfield,Bullet 500,2021,125,27215,60,Excellent,86837
Bajaj,Pulsar 220,2023,100,52045,65,Fair,32158
Yamaha,Fascino,2015,350,24264,35,Fair,36833
Honda,Activa 125,2019,100,7844,40,Excellent,91354
Royal Enfield,Classic 350,2016,350,67786,60,Fair,54312
Suzuki,Intruder,2017,150,40738,60,Excellent,116703
Bajaj,Platina 100,2018,125,66563,55,Good,26753
Bajaj,Platina 100,2022,250,71516,40,Excellent,73459
Bajaj,Avenger 220,2018,250,38435,55,Good,52138
KTM,Adventure 250,2022,250,10027,45,Good,102799
Bajaj,Pulsar 220,2021,150,43714,35,Excellent,83835
Honda,Shine,2018,150,70769,65,Excellent,98906
Bajaj,Pulsar 220,2019,250,76080,55,Good,31638
Bajaj,Avenger 220,2023,150,52887,50,Excellent,55947
KTM,Adventure 250,2021,150,62820,55,Good,29041
Honda,CBR 150,2023,350,45693,60,Good,124852
KTM,RC 390,2019,100,71951,35,Fair,13369
Bajaj,Avenger 220,2018,200,23759,50,Fair,44490
Yamaha,Fascino,2020,150,34159,65,Excellent,150063
Honda,Activa 125,2016,200,69793,65,Excellent,24346
KTM,Duke 200,2017,250,73440,45,Excellent,58467
Bajaj,Avenger 220,2016,200,8491,65,Fair,95853
Suzuki,Intruder,2018,125,15122,60,Good,107520
Yamaha,R15,2020,100,78991,50,Good,51392
Royal Enfield,Bullet 500,2015,125,44009,55,Fair,19965
Yamaha,R15,2019,200,21210,65,Good,161693
Yamaha,R15,2015,350,16921,60,Good,161233
Bajaj,Pulsar 220,2016,350,60050,35,Good,37657
Royal Enfield,Classic 350,2018,100,14269,55,Excellent,41647
Honda,CBR 150,2020,150,79267,45,Good,60397
Suzuki,Access 125,2018,500,37640,65,Fair,147745
Royal Enfield,Meteor 350,2016,350,41093,40,Fair,83371
Bajaj,Pulsar 220,2020,200,5518,55,Excellent,198894
Royal Enfield,Meteor 350,2023,200,56899,65,Good,138410
Bajaj,Pulsar 220,2016,350,17550,60,Fair,47506
Bajaj,Pulsar 220,2018,500,17117,45,Fair,102495
KTM,Adventure 250,2016,100,19002,55,Fair,66537
Bajaj,Platina 100,2022,125,16729,35,Fair,84109
Royal Enfield,Bullet 500,2017,500,27076,60,Good,76614
Honda,Shine,2021,350,10049,65,Fair,95340
Bajaj,Avenger 220,2017,100,50355,40,Good,63406
KTM,Duke 200,2023,500,17309,60,Fair,187041
Honda,CBR 150,2016,200,20871,40,Excellent,41255
Yamaha,FZ-S,2016,350,35524,45,Fair,85110
Suzuki,Intruder,2019,100,37611,35,Excellent,65996
Bajaj,Avenger 220,2016,100,61905,45,Excellent,34310
Royal Enfield,Bullet 500,2019,150,69771,65,Fair,51511
Yamaha,FZ-S,2023,500,67178,60,Good,41111
Suzuki,Intruder,2023,125,63822,65,Fair,26815
Suzuki,Intruder,2022,150,49454,65,Fair,89732
Bajaj,Pulsar 220,2022,350,29306,40,Excellent,70083
Bajaj,Avenger 220,2016,250,52204,55,Good,98224
Bajaj,Pulsar 220,2020,350,56839,45,Fair,59225
Royal Enfield,Meteor 350,2020,350,33133,45,Fair,66892
Yamaha,Fascino,2022,100,24291,45,Good,104722
Suzuki,Intruder,2016,200,48435,40,Good,20609
Bajaj,Pulsar 220,2018,100,18611,60,Good,75357
Royal Enfield,Bullet 500,2020,350,48797,55,Excellent,162648
Honda,Activa 125,2015,125,45698,65,Excellent,70641
Yamaha,FZ-S,2021,200,12800,65,Good,122210
Royal Enfield,Classic 350,2015,200,31591,40,Good,66557
Yamaha,R15,2022,150,65092,40,Fair,61605
Bajaj,Platina 100,2018,125,40671,35,Fair,40135
Royal Enfield,Meteor 350,2019,350,27459,60,Good,130965
KTM,RC 390,2023,350,24354,65,Excellent,165321
Bajaj,Avenger 220,2018,125,14460,65,Fair,91774
Suzuki,Access 125,2015,200,77207,40,Good,31330
Suzuki,Access 125,2017,500,29304,40,Good,38091
Yamaha,Fascino,2015,100,59333,45,Fair,24837
Bajaj,Avenger 220,2020,200,20037,60,Fair,68259
Bajaj,Pulsar 220,2022,500,28068,35,Fair,111738
Honda,Activa 125,2019,100,71954,50,Good,15745
Yamaha,FZ-S,2017,500,21067,45,Good,96537
Yamaha,R15,2019,500,9186,50,Good,199168
Bajaj,Pulsar 220,2023,200,45965,65,Fair,102511
Honda,Shine,2018,200,42325,65,Fair,102231
KTM,RC 390,2016,150,38205,60,Good,45995
Suzuki,Gixxer,2021,350,25252,50,Good,107089
Yamaha,Fascino,2016,100,34882,50,Excellent,75226
Yamaha,FZ-S,2018,100,43810,40,Fair,61143
Yamaha,FZ-S,2021,200,8594,65,Fair,136283
KTM,Adventure 250,2020,125,36569,40,Fair,59335
Suzuki,Gixxer,2020,500,39690,55,Good,94262
Yamaha,Fascino,2020,250,58428,35,Good,35080
Royal Enfield,Bullet 500,2023,100,63432,40,Good,61601
KTM,Adventure 250,2019,500,42719,65,Fair,86080
Suzuki,Intruder,2023,100,21266,35,Excellent,108370
KTM,Duke 200,2023,100,6956,65,Excellent,143080
Suzuki,Intruder,2019,350,6189,40,Excellent,124988
Suzuki,Intruder,2016,350,36477,40,Fair,53604
Honda,CBR 150,2018,100,37432,60,Excellent,102900
KTM,RC 390,2023,350,65726,35,Excellent,71743
